Id_exclusiva;Id;EDT;Nível_da_estrutura_de_tópicos;Nome;Área;Número7;Número8
0;0;0;0;Cronograma Operacional - PFBT01 2025;;82;82
1;1;1;1;Parada Fria da Usina 1;;82;82
98;2;1.1;2;Corte da Produção;;100;100
474;3;1.2;2;Procedimentos de Parada;;100;100
475;4;1.2.1;3;Pátio de Alimentação;;100;100
5;5;1.2.1.1;4;Cortar Produção do Pátio de Finos (Parar Pátio Vazio);;100;100
6;6;1.2.1.2;4;Posicionar Recuperadora na Baliza para Limpeza (Fora da Área de Manutenção);;100;100
9;7;1.2.1.3;4;Bloquear e Realizar Limpeza Geral 1PA11;;100;100
10;8;1.2.1.4;4;Esvaziar e Limpar Chutes do Circuito de Alimentação (Transportadores de Correia e Chutes);;100;100
16;9;1.2.1.5;4;Posicionar Emenda das Correias Conforme Necessidade;;100;100
14;10;1.2.1.6;4;Desbloquear e Transladar 1PA11 para Baliza de Manutenção;;100;100
17;11;1.2.1.7;4;Realizar Bloqueio da 1PA11;;100;100
18;12;1.2.1.8;4;Realizar Bloqueio do Circuito do Pátio de Finos;;100;100
13055;13;1.2.2;3;Secagem;;100;100
13056;14;1.2.2.1;4;Esvaziar Silo 1SM2SI;;100;100
13057;15;1.2.2.2;4;Esvaziar Secador 1SM5SC;;100;100
13058;16;1.2.2.3;4;Realizar Limpeza do Filtro de Manga 1SM20FM;;100;100
13059;17;1.2.2.4;4;Desligar e Resfriar Queimadores 1SM6GG;;100;100
13060;18;1.2.2.5;4;Realizar Purga do Gás do Queimador;;100;100
13097;19;1.2.2.6;4;Esvaziar Circuito da Secagem (Chutes de Trasnferência e Correias);;100;100
13061;20;1.2.2.7;4;Realizar Bloqueio da Secagem;;100;100
7749;21;1.2.3;3;Torre de Resfriamento;;100;100
13085;22;1.2.3.1;4;TR301TR (Forno / Ventiladores);;100;100
13109;23;1.2.3.1.1;5;Desligar Bomba TR303;;100;100
13112;24;1.2.3.1.2;5;Instalar Mangote de Água para Alimentar Supervisório do CCO 1 e 4;;100;100
13086;25;1.2.3.1.3;5;Esvaziar Torre de Resfriamento;;100;100
13087;26;1.2.3.1.4;5;Realizar Bloqueio;;100;100
13088;27;1.2.3.1.5;5;Montar Andaime;;100;100
13089;28;1.2.3.1.6;5;Realizar Limpeza da Torre TR301TR;;100;100
481;29;1.2.4;3;Mistura;;100;100
13068;30;1.2.4.1;4;Esvaziar Silos BV100SI e BV101SI;;100;100
13098;31;1.2.4.2;4;Esvaziar Caixa do AZ110FM;;100;100
161;32;1.2.4.3;4;Esvaziar Misturador AZ05MI e Circuito de Correias;;100;100
164;33;1.2.4.4;4;Realizar Bloqueio da Mistura;;100;100
480;34;1.2.5;3;Briquetagem;;100;100
184;35;1.2.5.1;4;Esvaziar Silos AG100SI / AG101SI / AG102SI;;100;100
11990;36;1.2.5.2;4;Esvaziar Briquetadeiras AG71RB / AG74RB / AG77RB;;100;100
181;37;1.2.5.3;4;Esvaziar Circuito de Correias da Briquetagem;;100;100
13069;38;1.2.5.4;4;Realizar Bloqueio da Briquetagem;;100;100
11983;39;1.2.5.5;4;Procedimento de Limpeza da Peneira de Rolos Concluído;;100;100
479;40;1.2.6;3;Forno;;100;100
217;41;1.2.6.1;4;Esvaziar Grelha do Forno;;100;100
11981;42;1.2.6.2;4;Realizar Limpeza dos Motores da Peneira de Rolos;;100;100
13099;43;1.2.6.3;4;Corte de Produção do Forno;;100;100
209;44;1.2.6.4;4;Realizar Procedimento para Não Utilizar NR20 na Região do Forno;;100;100
213;45;1.2.6.5;4;Realizar Resfriamento Forçado até a Temperatura Ambiente (AH30VT em Abertura Mínima / AH47VT / AH93VT / AH34VT);;100;100
562;46;1.2.6.6;4;Realizar Bloqueio na Chave de Comando Local da Grelha do Forno para Retirar as Proteções Laterais;;100;100
561;47;1.2.6.7;4;Retirar Proteções Laterais / Corrimão ao Longo do Forno e Levantar Selagens Superiores;;100;100
560;48;1.2.6.8;4;Realizar Desbloqueio na Chave de Comando Local da Grelha do Forno;;100;100
576;49;1.2.6.9;4;Cangar Todos os Carros de Grelha da Parte Superior da Grelha;;100;100
786;50;1.2.6.10;4;Retirar Carros de Grelha das Rodas de Levantamento e Abaixamento (14 Carros);;100;100
573;51;1.2.6.11;4;Bloquear Chave A3 para Passar Cabo de Aço;;100;100
11991;52;1.2.6.12;4;Passar Cabo de Aço na Região Inferior;;100;100
571;53;1.2.6.13;4;Desbloquear Chave A3 para Passar Cabo de Aço;;100;100
570;54;1.2.6.14;4;Retirar Todos os Carros de Grelha da Região Superior - Carga (57 Carros);;100;100
7822;55;1.2.6.15;4;Realizar Limpeza dos Trilhos Superiores, Selagens Inferiores e Vigas de Apoio e Colunas Superiores com Hidrojato;;100;100
13070;56;1.2.6.16;4;Bloquear Chave A3 para Instalação de Batente Mecânico;;100;100
13071;57;1.2.6.17;4;Instalar e Bloquear com Batente Mecânico na Região Superior (próx. Abaixamento e próx. Levantamento);;100;100
13072;58;1.2.6.18;4;Desbloquear Chave A3 para Instalação de Batente Mecânico;;100;100
7823;59;1.2.6.19;4;Meio do Forno Região Superior Liberada para Manutenção;;100;100
13074;60;1.2.6.20;4;Retirar Todos os Carros de Grelha da Região Inferior (58 Carros);;100;100
13075;61;1.2.6.21;4;Realizar Limpeza dos Trilhos Inferiores, Vigas de Apoio e Colunas Inferiores com Hidrojato;;100;100
567;62;1.2.6.22;4;Retirada de Carros Grelhas Concluída;;100;100
596;63;1.2.6.23;4;Procedimento de Limpeza da Manutenção Roda Levantamento;;100;100
599;64;1.2.6.23.1;5;Realizar Limpeza da Roda de Levantamento;;100;100
598;65;1.2.6.23.2;5;Realizar Limpeza das Selagem Basculantes;;100;100
7826;66;1.2.6.23.3;5;Realizar Bloqueio do Elétrico do Forno;;100;100
602;67;1.2.6.24;4;Roda de Levantamento Liberada para Manutenção;;100;100
579;68;1.2.6.25;4;Procedimento de Limpeza da Manutenção da Roda de Abaixamento;;100;100
584;69;1.2.6.25.1;5;Realizar Limpeza do Chute Móvel, Chute Rotativo, Calhas Laterais e Silo da Descarga do Forno;;100;100
585;70;1.2.6.26;4;Roda de Abaixamento Liberada para Manutenção;;100;100
7838;71;1.2.6.27;4;Procedimento de Limpeza das Caixas de Vento;;100;100
7843;72;1.2.6.27.1;5;Abrir Caixas de Vento e Tubulões;;100;100
7842;73;1.2.6.27.2;5;Montar Andaimes para Limpeza das Caixas de Vento;;100;100
7841;74;1.2.6.27.3;5;Realizar Limpeza Operacional das Caixas de Vento e Tubulão;;100;100
8820;75;1.2.6.28;4;Caixas de Ventos Liberadas para Manutenção;;100;100
478;76;1.2.7;3;Ventiladores;;100;100
323;77;1.2.7.1;4;Realizar Bloqueio Elétrico AR81 (Ambiental);;100;100
304;78;1.2.7.2;4;Realizar Bloqueio Elétrico AH33 (Queima para Secagem Descendente);;100;100
282;79;1.2.7.3;4;Realizar Bloqueio Elétrico AH34 (Secagem Descendente para PP AR1);;100;100
154;80;1.2.7.4;4;Realizar Bloqueio Elétrico AH47 (Secagem Ascendente para PP AR40);;100;100
265;81;1.2.7.5;4;Realizar Bloqueio Elétrico AH30 (Resfriamento);;100;100
312;82;1.2.7.6;4;Realizar Bloqueio Elétrico AH93 e AH94 (Atomizadores);;100;100
7768;83;1.2.8;3;Ventiladores Bloqueados;;100;100
477;84;1.2.9;3;Precipitadores;;100;100
501;85;1.2.9.1;4;AR80;;100;100
833;86;1.2.9.1.1;5;Batimento de Todos os Campos e Descarregar as Tremonhas do AR80;;100;100
379;87;1.2.9.1.2;5;Bloqueio Elétrico e Aterramento do Precipitador AR80;;100;100
785;88;1.2.9.1.3;5;Resfriamento Natural do AR80;;100;100
830;89;1.2.9.2;4;Manter Batimento de Todos os Campos e para Descarregar as Tremonhas dos Precipitadores AR1 e AR40 até Bloqueio;;100;100
500;90;1.2.9.3;4;AR1;;100;100
372;91;1.2.9.3.1;5;Bloqueio Elétrico e Aterramento do Precipitador AR1;;100;100
858;92;1.2.9.3.2;5;Resfriamento Natural do AR1 (Realizado Junto com Forno);;100;100
499;93;1.2.9.4;4;AR40;;100;100
551;94;1.2.9.4.1;5;Bloqueio Elétrico e Aterramento do Precipitador AR40;;100;100
550;95;1.2.9.4.2;5;Resfriamento Natural do AR40 (Realizado Junto com Forno);;100;100
13131;96;1.2.9.4.3;5;Realizar Limpeza das Tremonhas Conforme Necessidade;;100;100
487;97;1.2.10;3;Peneiramento;;100;100
13101;98;1.2.10.1;4;Esvaziar Silo AH222 (Perna da Emergência via AH103 e Produção Via Comporta AH11);;100;100
421;99;1.2.10.2;4;Manter Circuito de Emergência Rodando para Limpeza das Caixas de Vento;;100;100
7844;100;1.2.10.3;4;"Realizar Limpeza através do Circuito da Emergência (AH17; AH19; AH20; AH103; AH104; AH105)";;100;100
7762;101;1.2.10.4;4;"Esvaziar Circuito de Limpeza do Forno e da Emergência (AH17; AH19; AH20; AH103; AH104; AH105)";;100;100
7764;102;1.2.10.5;4;"Bloquear Circuito de Limpeza do Forno e da Emergência (AH17; AH19; AH20; AH103; AH104; AH105)";;100;100
13023;103;1.2.10.6;4;"Esvaziar Circuito de Finos (BH128; BH129; BH130)";;100;100
11987;104;1.2.10.7;4;"Realizar Bloqueio Elétrico do Circuito de Finos de PQ (BH128; BH129; BH130)";;100;100
7761;105;1.2.10.8;4;Esvaziar Chute da Peneira AH13PV para 2P0TC;;100;100
13022;106;1.2.10.9;4;Esvaziar Peneira AH13PV;;100;100
419;107;1.2.10.10;4;Realizar Bloqueio Elétrico da Peneira AH13PV;;100;100
486;108;1.2.11;3;Pátio de Briquete;;100;100
438;109;1.2.11.1;4;Esvaziar Correias do Circuito, Realizar Limpezas dos Chutes do Circuito e Posicionar Correias para Manutenção (2P0TC até Pátio do Briquete);;100;100
437;110;1.2.11.2;4;Realizar Bloqueio Elétrico do Pátio do Briquete;;100;100
854;111;1.2.11.3;4;Limpar Máquina EP 2P2A;;100;100
476;112;1.3;2;Manutenção;;88;88
607;113;1.3.1;3;Pátio de Alimentação;;100;100
14155;114;1.3.1.1;4;IE - Pátio de Alimentação;;100;100
13723;115;1.3.1.1.1;5;IE - SUBSTITUIR ROTULAS DA 1PA13;ALIMENTAÇÃO;100;100
13724;116;1.3.1.1.1.1;6;BLOQUEIO;;100;100
13725;117;1.3.1.1.1.2;6;DISTENSIONAMENTO DE CONTRA-PESO;;100;100
13726;118;1.3.1.1.1.3;6;POSICIONAMENTO DE LUMINARIAS;;100;100
13727;119;1.3.1.1.1.4;6;DESMONTAGEM DE RAC07;;100;100
13728;120;1.3.1.1.1.5;6;RECUPERAÇÃO METÁLICA;;100;100
13729;121;1.3.1.1.1.6;6;MONTAGEM DE RAC 07;;100;100
13730;122;1.3.1.1.1.7;6;TENSIONAMENTO DE CONTRA-PESO;;100;100
13731;123;1.3.1.1.1.8;6;RETIRADA DE BLOQUEIO;;100;100
13733;124;1.3.1.1.2;5;IE - RECUPERAÇÃO ESTRUTURAL TRELIÇA 1PA12;ALIMENTAÇÃO;100;100
13734;125;1.3.1.1.2.1;6;BLOQUEIO;;100;100
13735;126;1.3.1.1.2.2;6;LIMPEZA;;100;100
13736;127;1.3.1.1.2.3;6;DISTENSIONAMENTO DE CONTRA-PESO;;100;100
13737;128;1.3.1.1.2.4;6;MONTAGEM DE ANDAIME;;100;100
13738;129;1.3.1.1.2.5;6;POSICIONAMENTO DE LUMINARIAS;;100;100
13739;130;1.3.1.1.2.6;6;DESMONTAGEM DE RAC07;;100;100
13740;131;1.3.1.1.2.7;6;RECUPERAÇÃO METÁLICA;;100;100
13741;132;1.3.1.1.2.8;6;MONTAGEM DE RAC 07;;100;100
13742;133;1.3.1.1.2.9;6;DESMONTAGEM DE ANDAIME;;100;100
13743;134;1.3.1.1.2.10;6;TENSIONAMENTO DE CONTRA-PESO;;100;100
13744;135;1.3.1.1.2.11;6;RETIRADA DE BLOQUEIO;;100;100
13746;136;1.3.1.1.3;5;IE - SUBSTITUIR ESTRUTURA CHUTE EMERG 1PA5;ALIMENTAÇÃO;100;100
13747;137;1.3.1.1.3.1;6;BLOQUEIO;;100;100
13748;138;1.3.1.1.3.2;6;LIMPEZA;;100;100
13749;139;1.3.1.1.3.3;6;DISTENSIONAMENTO DE CONTRA-PESO;;100;100
13750;140;1.3.1.1.3.4;6;MONTAGEM DE ANDAIME;;100;100
13751;141;1.3.1.1.3.5;6;POSICIONAMENTO DE LUMINARIAS;;100;100
13752;142;1.3.1.1.3.6;6;DESMONTAGEM DE RAC07;;100;100
13753;143;1.3.1.1.3.7;6;GUINDASTE;;100;100
13754;144;1.3.1.1.3.8;6;RECUPERAÇÃO METÁLICA;;100;100
13755;145;1.3.1.1.3.9;6;MONTAGEM DE RAC 07;;100;100
13756;146;1.3.1.1.3.10;6;DESMONTAGEM DE ANDAIME;;100;100
13757;147;1.3.1.1.3.11;6;TENSIONAMENTO DE CONTRA-PESO;;100;100
13758;148;1.3.1.1.3.12;6;RETIRADA DE BLOQUEIO;;100;100
13761;149;1.3.1.1.4;5;IE - REC ESTRUTURAL - COLUNA 446A/ SUBSTI. APOIO 448G / 448G - 1PR2TC;ALIMENTAÇÃO;100;100
13762;150;1.3.1.1.4.1;6;BLOQUEIO;;100;100
13763;151;1.3.1.1.4.2;6;MONTAGEM DE ANDAIME;;100;100
13764;152;1.3.1.1.4.3;6;POSICIONAMENTO DE LUMINARIAS;;100;100
13765;153;1.3.1.1.4.4;6;DESMONTAGEM DE RAC07;;100;100
13766;154;1.3.1.1.4.5;6;RECUPERAÇÃO METÁLICA;;100;100
13767;155;1.3.1.1.4.6;6;MONTAGEM DE RAC 07;;100;100
13768;156;1.3.1.1.4.7;6;DESMONTAGEM DE ANDAIME;;100;100
13769;157;1.3.1.1.4.8;6;RETIRADA DE BLOQUEIO;;100;100
13771;158;1.3.1.1.5;5;IE - RECUPERAÇÃO ESTRUTURAL 1PR1TC;ALIMENTAÇÃO;100;100
13772;159;1.3.1.1.5.1;6;BLOQUEIO;;100;100
13773;160;1.3.1.1.5.2;6;POSICIONAMENTO DE LUMINARIAS;;100;100
13774;161;1.3.1.1.5.3;6;DESMONTAGEM DE RAC07;;100;100
13775;162;1.3.1.1.5.4;6;RECUPERAÇÃO METÁLICA;;100;100
13776;163;1.3.1.1.5.5;6;MONTAGEM DE RAC 07;;100;100
13777;164;1.3.1.1.5.6;6;RETIRADA DE BLOQUEIO;;100;100
13780;165;1.3.1.1.6;5;IE - SUBSTITUIR VIGAS EL 5.700-PRÉDIO 1PR4;ALIMENTAÇÃO;100;100
13781;166;1.3.1.1.6.1;6;BLOQUEIO;;100;100
13782;167;1.3.1.1.6.2;6;DISTENSIONAMENTO DE CONTRAPESO;;100;100
13783;168;1.3.1.1.6.3;6;MONTAGEM DE ANDAIME;;100;100
13784;169;1.3.1.1.6.4;6;POSICIONAMENTO DE LUMINARIAS;;100;100
13785;170;1.3.1.1.6.5;6;DESMONTAGEM DE RAC07;;100;100
13786;171;1.3.1.1.6.6;6;GUINDASTE;;100;100
13787;172;1.3.1.1.6.7;6;RECUPERAÇÃO METÁLICA;;100;100
13788;173;1.3.1.1.6.8;6;MONTAGEM DE RAC 07;;100;100
13789;174;1.3.1.1.6.9;6;DESMONTAGEM DE ANDAIME;;100;100
13790;175;1.3.1.1.6.10;6;TENSIONAMENTO DE CONTRAPESO;;100;100
13791;176;1.3.1.1.6.11;6;RETIRADA DE BLOQUEIO;;100;100
13794;177;1.3.1.1.7;5;IE - TRATAMENTO ANTICORROSIVO 1PR2TC;ALIMENTAÇÃO;100;100
13795;178;1.3.1.1.7.1;6;BLOQUEIO;;100;100
13796;179;1.3.1.1.7.2;6;MOBILIZAÇÃO;;100;100
13797;180;1.3.1.1.7.3;6;DESMONTAGEM DE RAC07;;100;100
13798;181;1.3.1.1.7.4;6;LIMPEZA;;100;100
13799;182;1.3.1.1.7.5;6;ISOLAMENTO DE BANDEJAMENTOS ELÉTRICOS, SENSORES E ACESSÓRIOS ELETRONICOS;;100;100
13800;183;1.3.1.1.7.6;6;MONTAGEM DE ANDAIME;;100;100
13801;184;1.3.1.1.7.7;6;TRATAMENTO ANTICORROSIVO;;100;100
13802;185;1.3.1.1.7.8;6;MONTAGEM DE RAC 07;;100;100
13803;186;1.3.1.1.7.9;6;DESMONTAGEM DE ANDAIME;;100;100
13804;187;1.3.1.1.7.10;6;RETIRADA DE BLOQUEIO;;100;100
13806;188;1.3.1.1.8;5;IE - TRATAMENTO ANTICORROSIVO 1PR9TC;ALIMENTAÇÃO;100;100
13807;189;1.3.1.1.8.1;6;BLOQUEIO;;100;100
13808;190;1.3.1.1.8.2;6;MOBILIZAÇÃO;;100;100
13809;191;1.3.1.1.8.3;6;DESMONTAGEM DE RAC07;;100;100
13810;192;1.3.1.1.8.4;6;LIMPEZA;;100;100
13811;193;1.3.1.1.8.5;6;ISOLAMENTO DE BANDEJAMENTOS ELÉTRICOS, SENSORES E ACESSÓRIOS ELETRONICOS;;100;100
13812;194;1.3.1.1.8.6;6;MONTAGEM DE ANDAIME;;100;100
13813;195;1.3.1.1.8.7;6;TRATAMENTO ANTICORROSIVO;;100;100
13814;196;1.3.1.1.8.8;6;MONTAGEM DE RAC 07;;100;100
13815;197;1.3.1.1.8.9;6;DESMONTAGEM DE ANDAIME;;100;100
13816;198;1.3.1.1.8.10;6;RETIRADA DE BLOQUEIO;;100;100
13819;199;1.3.1.1.9;5;IE - TRATAMENTO ANTICORROSIVO PRÉDIO 1PR4;ALIMENTAÇÃO;100;100
13820;200;1.3.1.1.9.1;6;MOBILIZAÇÃO;;100;100
13821;201;1.3.1.1.9.2;6;LIMPEZA;;100;100
13822;202;1.3.1.1.9.3;6;ISOLAMENTO DE BANDEJAMENTOS ELÉTRICOS, SENSORES E ACESSÓRIOS ELETRONICOS;;100;100
13823;203;1.3.1.1.9.4;6;TRATAMENTO ANTICORROSIVO;;100;100
13824;204;1.3.1.1.9.5;6;RETIRADA DE BLOQUEIO;;100;100
13827;205;1.3.1.1.10;5;IE - SUBST TERÇAS, TAP LAT, VENEZIANAS - 1PR4;ALIMENTAÇÃO;100;100
13828;206;1.3.1.1.10.1;6;BLOQUEIO;;100;100
13829;207;1.3.1.1.10.2;6;MOBILIZAÇÃO;;100;100
13830;208;1.3.1.1.10.3;6;DESMONTAGEM DE TELHA DO TAPAMENTO LATERAL;;100;100
13831;209;1.3.1.1.10.4;6;EXECUÇÃO DE RECUPERAÇÃO ESTRUTURAL;;100;100
13832;210;1.3.1.1.10.5;6;MONTAGEM DE TELHA DO TAPAMENTO LATERAL;;100;100
13833;211;1.3.1.1.10.6;6;RETIRADA DE BLOQUEIO;;100;100
14154;212;1.3.1.2;4;Manutenção PQ - Pátio de Alimentação;;100;100
608;213;1.3.1.3;4;Pátio de Finos Disponível para Manutenção;;100;100
609;214;1.3.2;3;Manutenção do Pátio de Alimentação Concluída;;100;100
614;215;1.3.3;3;Secagem;;87;87
13967;216;1.3.3.1;4;BT1 - SUBSTITUIÇÃO DAS 4 VÁLVULAS DUPLO PÊNDULO;---;97;97
13968;217;1.3.3.1.1;5;DESMONTAGEM DAS 4 VÁLVULAS DUPLO PÊNDULO;---;100;100
13969;218;1.3.3.1.1.1;6;VÁLVULA 1;---;100;100
13970;219;1.3.3.1.1.1.1;7;Abertura da caixa de proteção da válvula ;OK!;100;100
13971;220;1.3.3.1.1.1.2;7;Desmontagem do braço de torque;OK!;100;100
13972;221;1.3.3.1.1.1.3;7;Desmontagem do flange superior;OK!;100;100
13973;222;1.3.3.1.1.1.4;7;Soldagem dos olhais para a movimentação das peças ;OK!;100;100
13974;223;1.3.3.1.1.1.5;7;LP nos olhais;OK!;100;100
13975;224;1.3.3.1.1.1.6;7;Desmontagem do eixo da válvula;OK!;100;100
13976;225;1.3.3.1.1.1.7;7;Desmontagem do flange inferior;OK!;100;100
13977;226;1.3.3.1.1.1.8;7;Desmontagem da infraestrutura;OK!;100;100
13978;227;1.3.3.1.1.1.9;7;Desmontagem do acionamento;OK!;100;100
13979;228;1.3.3.1.1.1.10;7;Retirada das guilhotinas;OK!;100;100
13980;229;1.3.3.1.1.1.11;7;Sucateamento da válvula para o caminho de rolamento;OK!;100;100
13981;230;1.3.3.1.1.1.12;7;Remoção das sucatas com auxílio da gaiola para içamento com o apoio do guindaste;OK!;100;100
13982;231;1.3.3.1.1.1.13;7;Limpeza mecânica;OK!;100;100
13983;232;1.3.3.1.1.2;6;VÁLVULA 2;---;100;100
13984;233;1.3.3.1.1.2.1;7;Abertura da caixa de proteção da válvula ;OK!;100;100
13985;234;1.3.3.1.1.2.2;7;Desmontagem do braço de torque;OK!;100;100
13986;235;1.3.3.1.1.2.3;7;Desmontagem do flange superior;OK!;100;100
13987;236;1.3.3.1.1.2.4;7;Soldagem dos olhais para a movimentação das peças ;OK!;100;100
13988;237;1.3.3.1.1.2.5;7;LP nos olhais;OK!;100;100
13989;238;1.3.3.1.1.2.6;7;Desmontagem do eixo da válvula;OK!;100;100
13990;239;1.3.3.1.1.2.7;7;Desmontagem do flange inferior;OK!;100;100
13991;240;1.3.3.1.1.2.8;7;Desmontagem da infraestrutura;OK!;100;100
13992;241;1.3.3.1.1.2.9;7;Desmontagem do acionamento;OK!;100;100
13993;242;1.3.3.1.1.2.10;7;Retirada das guilhotinas;OK!;100;100
13994;243;1.3.3.1.1.2.11;7;Sucateamento da válvula para o caminho de rolamento;OK!;100;100
13995;244;1.3.3.1.1.2.12;7;Remoção das sucatas com auxílio da gaiola para içamento com o apoio do guindaste;OK!;100;100
13996;245;1.3.3.1.1.2.13;7;Limpeza mecânica;OK!;100;100
13997;246;1.3.3.1.1.3;6;VÁLVULA 3;---;100;100
13998;247;1.3.3.1.1.3.1;7;Abertura da caixa de proteção da válvula ;OK!;100;100
13999;248;1.3.3.1.1.3.2;7;Desmontagem do braço de torque;OK!;100;100
14000;249;1.3.3.1.1.3.3;7;Desmontagem do flange superior;OK!;100;100
14001;250;1.3.3.1.1.3.4;7;Soldagem dos olhais para a movimentação das peças ;OK!;100;100
14002;251;1.3.3.1.1.3.5;7;LP nos olhais;OK!;100;100
14003;252;1.3.3.1.1.3.6;7;Desmontagem do eixo da válvula;OK!;100;100
14004;253;1.3.3.1.1.3.7;7;Desmontagem do flange inferior;OK!;100;100
14005;254;1.3.3.1.1.3.8;7;Desmontagem da infraestrutura;OK!;100;100
14006;255;1.3.3.1.1.3.9;7;Desmontagem do acionamento;OK!;100;100
14007;256;1.3.3.1.1.3.10;7;Retirada das guilhotinas;OK!;100;100
14008;257;1.3.3.1.1.3.11;7;Sucateamento da válvula para o caminho de rolamento;OK!;100;100
14009;258;1.3.3.1.1.3.12;7;Remoção das sucatas com auxílio da gaiola para içamento com o apoio do guindaste;OK!;100;100
14010;259;1.3.3.1.1.3.13;7;Limpeza mecânica;OK!;100;100
14011;260;1.3.3.1.1.4;6;VÁLVULA 4;---;100;100
14012;261;1.3.3.1.1.4.1;7;Abertura da caixa de proteção da válvula ;OK!;100;100
14013;262;1.3.3.1.1.4.2;7;Desmontagem do braço de torque;OK!;100;100
14014;263;1.3.3.1.1.4.3;7;Desmontagem do flange superior;OK!;100;100
14015;264;1.3.3.1.1.4.4;7;Soldagem dos olhais para a movimentação das peças ;OK!;100;100
14016;265;1.3.3.1.1.4.5;7;LP nos olhais;OK!;100;100
14017;266;1.3.3.1.1.4.6;7;Desmontagem do eixo da válvula;OK!;100;100
14018;267;1.3.3.1.1.4.7;7;Desmontagem do flange inferior;OK!;100;100
14019;268;1.3.3.1.1.4.8;7;Desmontagem da infraestrutura;OK!;100;100
14020;269;1.3.3.1.1.4.9;7;Desmontagem do acionamento;OK!;100;100
14021;270;1.3.3.1.1.4.10;7;Retirada das guilhotinas;OK!;100;100
14022;271;1.3.3.1.1.4.11;7;Sucateamento da válvula para o caminho de rolamento;OK!;100;100
14023;272;1.3.3.1.1.4.12;7;Remoção das sucatas com auxílio da gaiola para içamento com o apoio do guindaste;OK!;100;100
14024;273;1.3.3.1.1.4.13;7;Limpeza mecânica;OK!;100;100
14025;274;1.3.3.1.2;5;MONTAGEM DAS 4 VÁLVULAS DUPLO PÊNDULO;---;100;100
14026;275;1.3.3.1.2.1;6;VÁLVULA 1;---;100;100
14027;276;1.3.3.1.2.1.1;7;Deslocamento da válvula nova para o caminho de rolamento;OK!;100;100
14028;277;1.3.3.1.2.1.2;7;Montagem do flange superior;OK!;100;100
14029;278;1.3.3.1.2.1.3;7;Montagem dos parafusos;OK!;100;100
14030;279;1.3.3.1.2.1.4;7;Torque dos parafusos conforme o fabricante;OK!;100;100
14031;280;1.3.3.1.2.1.5;7;Montagem das guilhotinas;OK!;100;100
14032;281;1.3.3.1.2.1.6;7;Montagem dos parafusos;OK!;100;100
14033;282;1.3.3.1.2.1.7;7;Torque dos parafusos conforme o fabricante;OK!;100;100
14034;283;1.3.3.1.2.1.8;7;Montagem das dupla flaps;OK!;100;100
14035;284;1.3.3.1.2.1.9;7;Montagem dos parafusos;OK!;100;100
14036;285;1.3.3.1.2.1.10;7;Torque dos parafusos conforme o fabricante;OK!;100;100
14037;286;1.3.3.1.2.1.11;7;Montagem do flange inferior;OK!;100;100
14038;287;1.3.3.1.2.1.12;7;Montagem dos parafusos;OK!;100;100
14039;288;1.3.3.1.2.1.13;7;Torque dos parafusos conforme o fabricante;OK!;100;100
14040;289;1.3.3.1.2.1.14;7;Ajuste dos flanges;OK!;100;100
14041;290;1.3.3.1.2.1.15;7;Montagem da infraestrutura das válvulas;OK!;100;100
14042;291;1.3.3.1.2.1.16;7;Desmontagem do caminho de rolamento;OK!;100;100
14043;292;1.3.3.1.2.1.17;7;Desmontagem de andaimes;OK!;100;100
14044;293;1.3.3.1.2.1.18;7;Montagem do painel pneumático;OK!;100;100
14045;294;1.3.3.1.2.1.19;7;Montagem do painel elétrico;OK!;100;100
14046;295;1.3.3.1.2.1.20;7;Montagem da infraestrutura dos painéis;OK!;100;100
14047;296;1.3.3.1.2.1.21;7;Interlição dos tubes da válvula;OK!;100;100
14048;297;1.3.3.1.2.1.22;7;Montagem dos guarda corpos ;OK!;100;100
14049;298;1.3.3.1.2.1.23;7;Montagem do wind fance ;OK!;100;100
14050;299;1.3.3.1.2.2;6;VÁLVULA 2;---;100;100
14051;300;1.3.3.1.2.2.1;7;Deslocamento da válvula nova para o caminho de rolamento;OK!;100;100
14052;301;1.3.3.1.2.2.2;7;Montagem do flange superior;OK!;100;100
14053;302;1.3.3.1.2.2.3;7;Montagem dos parafusos;OK!;100;100
14054;303;1.3.3.1.2.2.4;7;Torque dos parafusos conforme o fabricante;OK!;100;100
14055;304;1.3.3.1.2.2.5;7;Montagem das guilhotinas;OK!;100;100
14056;305;1.3.3.1.2.2.6;7;Montagem dos parafusos;OK!;100;100
14057;306;1.3.3.1.2.2.7;7;Torque dos parafusos conforme o fabricante;OK!;100;100
14058;307;1.3.3.1.2.2.8;7;Montagem das dupla flaps;OK!;100;100
14059;308;1.3.3.1.2.2.9;7;Montagem dos parafusos;OK!;100;100
14060;309;1.3.3.1.2.2.10;7;Torque dos parafusos conforme o fabricante;OK!;100;100
14061;310;1.3.3.1.2.2.11;7;Montagem do flange inferior;OK!;100;100
14062;311;1.3.3.1.2.2.12;7;Montagem dos parafusos;OK!;100;100
14063;312;1.3.3.1.2.2.13;7;Torque dos parafusos conforme o fabricante;OK!;100;100
14064;313;1.3.3.1.2.2.14;7;Ajuste dos flanges;OK!;100;100
14065;314;1.3.3.1.2.2.15;7;Montagem da infraestrutura das válvulas;OK!;100;100
14066;315;1.3.3.1.2.2.16;7;Desmontagem do caminho de rolamento;OK!;100;100
14067;316;1.3.3.1.2.2.17;7;Desmontagem de andaimes;OK!;100;100
14068;317;1.3.3.1.2.2.18;7;Montagem do painel pneumático;OK!;100;100
14069;318;1.3.3.1.2.2.19;7;Montagem do painel elétrico;OK!;100;100
14070;319;1.3.3.1.2.2.20;7;Montagem da infraestrutura dos painéis;OK!;100;100
14071;320;1.3.3.1.2.2.21;7;Interlição dos tubes da válvula;OK!;100;100
14072;321;1.3.3.1.2.2.22;7;Montagem dos guarda corpos ;OK!;100;100
14073;322;1.3.3.1.2.2.23;7;Montagem do wind fance ;OK!;100;100
14074;323;1.3.3.1.2.3;6;VÁLVULA 3;---;100;100
14075;324;1.3.3.1.2.3.1;7;Deslocamento da válvula nova para o caminho de rolamento;OK!;100;100
14076;325;1.3.3.1.2.3.2;7;Montagem do flange superior;OK!;100;100
14077;326;1.3.3.1.2.3.3;7;Montagem dos parafusos;OK!;100;100
14078;327;1.3.3.1.2.3.4;7;Torque dos parafusos conforme o fabricante;OK!;100;100
14079;328;1.3.3.1.2.3.5;7;Montagem das guilhotinas;OK!;100;100
14080;329;1.3.3.1.2.3.6;7;Montagem dos parafusos;OK!;100;100
14081;330;1.3.3.1.2.3.7;7;Torque dos parafusos conforme o fabricante;OK!;100;100
14082;331;1.3.3.1.2.3.8;7;Montagem das dupla flaps;OK!;100;100
14083;332;1.3.3.1.2.3.9;7;Montagem dos parafusos;OK!;100;100
14084;333;1.3.3.1.2.3.10;7;Torque dos parafusos conforme o fabricante;OK!;100;100
14085;334;1.3.3.1.2.3.11;7;Montagem do flange inferior;OK!;100;100
14086;335;1.3.3.1.2.3.12;7;Montagem dos parafusos;OK!;100;100
14087;336;1.3.3.1.2.3.13;7;Torque dos parafusos conforme o fabricante;OK!;100;100
14088;337;1.3.3.1.2.3.14;7;Ajuste dos flanges;OK!;100;100
14089;338;1.3.3.1.2.3.15;7;Montagem da infraestrutura das válvulas;OK!;100;100
14090;339;1.3.3.1.2.3.16;7;Desmontagem do caminho de rolamento;OK!;100;100
14091;340;1.3.3.1.2.3.17;7;Desmontagem de andaimes;OK!;100;100
14092;341;1.3.3.1.2.3.18;7;Montagem do painel pneumático;OK!;100;100
14093;342;1.3.3.1.2.3.19;7;Montagem do painel elétrico;OK!;100;100
14094;343;1.3.3.1.2.3.20;7;Montagem da infraestrutura dos painéis;OK!;100;100
14095;344;1.3.3.1.2.3.21;7;Interlição dos tubes da válvula;OK!;100;100
14096;345;1.3.3.1.2.3.22;7;Montagem dos guarda corpos ;OK!;100;100
14097;346;1.3.3.1.2.3.23;7;Montagem do wind fance ;OK!;100;100
14098;347;1.3.3.1.2.4;6;VÁLVULA 4;---;100;100
14099;348;1.3.3.1.2.4.1;7;Deslocamento da válvula nova para o caminho de rolamento;OK!;100;100
14100;349;1.3.3.1.2.4.2;7;Montagem do flange superior;OK!;100;100
14101;350;1.3.3.1.2.4.3;7;Montagem dos parafusos;OK!;100;100
14102;351;1.3.3.1.2.4.4;7;Torque dos parafusos conforme o fabricante;OK!;100;100
14103;352;1.3.3.1.2.4.5;7;Montagem das guilhotinas;OK!;100;100
14104;353;1.3.3.1.2.4.6;7;Montagem dos parafusos;OK!;100;100
14105;354;1.3.3.1.2.4.7;7;Torque dos parafusos conforme o fabricante;OK!;100;100
14106;355;1.3.3.1.2.4.8;7;Montagem das dupla flaps;OK!;100;100
14107;356;1.3.3.1.2.4.9;7;Montagem dos parafusos;OK!;100;100
14108;357;1.3.3.1.2.4.10;7;Torque dos parafusos conforme o fabricante;OK!;100;100
14109;358;1.3.3.1.2.4.11;7;Montagem do flange inferior;OK!;100;100
14110;359;1.3.3.1.2.4.12;7;Montagem dos parafusos;OK!;100;100
14111;360;1.3.3.1.2.4.13;7;Torque dos parafusos conforme o fabricante;OK!;100;100
14112;361;1.3.3.1.2.4.14;7;Ajuste dos flanges;OK!;100;100
14113;362;1.3.3.1.2.4.15;7;Montagem da infraestrutura das válvulas;OK!;100;100
14114;363;1.3.3.1.2.4.16;7;Desmontagem do caminho de rolamento;OK!;100;100
14115;364;1.3.3.1.2.4.17;7;Desmontagem de andaimes;OK!;100;100
14116;365;1.3.3.1.2.4.18;7;Montagem do painel pneumático;OK!;100;100
14117;366;1.3.3.1.2.4.19;7;Montagem do painel elétrico;OK!;100;100
14118;367;1.3.3.1.2.4.20;7;Montagem da infraestrutura dos painéis;OK!;100;100
14119;368;1.3.3.1.2.4.21;7;Interlição dos tubes da válvula;OK!;100;100
14120;369;1.3.3.1.2.4.22;7;Montagem dos guarda corpos ;OK!;100;100
14121;370;1.3.3.1.2.4.23;7;Montagem do wind fance ;OK!;100;100
14122;371;1.3.3.1.3;5;INTERLIGAÇÃO DO VASO DE PRESSÃO;---;100;100
14123;372;1.3.3.1.3.1;6;Ajustes dos tubes;OK!;100;100
14124;373;1.3.3.1.3.2;6;Montagem das válvulas;OK!;100;100
14125;374;1.3.3.1.4;5;COMISSIONAMENTO;---;87;87
14126;375;1.3.3.1.4.1;6;Comissionamento;OK!;94;94
14127;376;1.3.3.1.4.2;6;Desbloqueio;OK!;0;0
14156;377;1.3.3.2;4;Manutenção PQ - Secagem;;88;88
7772;378;1.3.3.3;4;Secagem Disponível para Manutenção;;87;87
7770;379;1.3.4;3;Manutenção da Secagem Concluída;;0;0
7758;380;1.3.5;3;Torre de Resfriamento;;100;100
14157;381;1.3.5.1;4;IE - Torre de Resfriamento;;100;100
13955;382;1.3.5.1.1;5;IE - RECUPERAÇÃO CIVIL - TR301TR;TORRE DE RESFRIAMENTO;100;100
13956;383;1.3.5.1.1.1;6;LIMPEZA;;100;100
13957;384;1.3.5.1.1.2;6;MOBILIZAÇÃO;;100;100
13958;385;1.3.5.1.1.3;6;BLOQUEIO;;100;100
13959;386;1.3.5.1.1.4;6;MONTAGEM DE ANDAIME;;100;100
13960;387;1.3.5.1.1.5;6;RECUPEÇÃO CIVIL;;100;100
13961;388;1.3.5.1.1.6;6;DESMONTAGEM DE ANDAIME;;100;100
13962;389;1.3.5.1.1.7;6;RETIRADA DE BLOQUEIO;;100;100
14158;390;1.3.5.2;4;Manutenção PQ - Torre de Resfriamento;;100;100
13117;391;1.3.5.3;4;TR301TR Disponível para Manutenção;;100;100
686;392;1.3.6;3;Manutenção das Torres de Resfriamento Concluída;;100;100
685;393;1.3.7;3;Mistura;;100;100
14159;394;1.3.7.1;4;IE - Mistura;;100;100
13931;395;1.3.7.1.1;5;IE - RECUPERAR ESTRUTURA METÁLICA AV2TC;MISTURA;100;100
13932;396;1.3.7.1.1.1;6;BLOQUEIO;;100;100
13933;397;1.3.7.1.1.2;6;MONTAGEM DE ANDAIME;;100;100
13934;398;1.3.7.1.1.3;6;POSICIONAMENTO DE LUMINARIAS;;100;100
13935;399;1.3.7.1.1.4;6;DESMONTAGEM DE RAC07;;100;100
13936;400;1.3.7.1.1.5;6;RECUPERAÇÃO METÁLICA;;100;100
13937;401;1.3.7.1.1.6;6;MONTAGEM DE RAC 07;;100;100
13938;402;1.3.7.1.1.7;6;DESMONTAGEM DE ANDAIME;;100;100
13939;403;1.3.7.1.1.8;6;RETIRADA DE BLOQUEIO;;100;100
14160;404;1.3.7.2;4;Manutenção PQ - Mistura;;100;100
684;405;1.3.7.3;4;Mistura Disponível para Manutentação;;100;100
683;406;1.3.8;3;Manutenção da Mistura Concluída;;100;100
693;407;1.3.9;3;Briquetagem;;100;100
14161;408;1.3.9.1;4;Projeto Briquetagem;;100;100
14128;409;1.3.9.1.1;5;BRIQUETADEIRA AG71RB;;100;100
14129;410;1.3.9.1.1.1;6;MANUTENÇÃO NA UNIDADE HIDRÁULICA;;100;100
14130;411;1.3.9.1.1.2;6;ELÉTRICA/INSTRUMENTAÇÃO;;100;100
14131;412;1.3.9.1.1.3;6;SERVIÇOS FINAIS;;100;100
14132;413;1.3.9.1.1.4;6;TESTAR;;100;100
14133;414;1.3.9.1.2;5;TRANSPORTADOR AG70/AG71;;100;100
14134;415;1.3.9.1.2.1;6;MECÂNICA;;100;100
14135;416;1.3.9.1.2.2;6;ELÉTRICA;;100;100
14137;417;1.3.9.1.3;5;TRANSPORTADOR AG77/AG76;;100;100
14138;418;1.3.9.1.3.1;6;MECÂNICA;;100;100
14139;419;1.3.9.1.3.2;6;ELÉTRICA;;100;100
14140;420;1.3.9.1.4;5; BRIQUETADEIRA AG77RB;;100;100
14141;421;1.3.9.1.4.1;6;DESMONTAGEM - PREPARAÇÃO E MOBILIZAÇÃO;;100;100
14142;422;1.3.9.1.4.2;6;DESMONTAGEM - RETIRAR OS ROLOS;;100;100
14143;423;1.3.9.1.4.3;6;DESMONTAGEM - TROCA DE REVESTIMENTO CHUTE DE DESCARGA AG77RB;;100;100
14145;424;1.3.9.1.4.4;6;MONTAGEM - INSTALAR OS ROLOS;;100;100
14146;425;1.3.9.1.4.5;6;MONTAGEM - UNIDADE HIDRAULICA;;100;100
14150;426;1.3.9.1.4.6;6;MONTAGEM - ELÉTRICA/INSTRUMENTAÇÃO;;100;100
14151;427;1.3.9.1.4.7;6;MONTAGEM - AJUSTAR SINCRONISMO ROLO;;100;100
14152;428;1.3.9.1.4.8;6;MONTAGEM - AJUSTAR O GAP;;100;100
14147;429;1.3.9.1.4.9;6;MONTAGEM - SERVIÇOS FINAIS;;100;100
14148;430;1.3.9.1.4.10;6;MONTAGEM - TESTAR;;100;100
14162;431;1.3.9.2;4;IE - Briquetagem;;100;100
13881;432;1.3.9.2.1;5;IE - RECUPERAR PÉS DE DECKS AG35TC;BRIQUETAGEM;100;100
13882;433;1.3.9.2.1.1;6;BLOQUEIO;;100;100
13883;434;1.3.9.2.1.2;6;LIMPEZA;;100;100
13884;435;1.3.9.2.1.3;6;POSICIONAMENTO DE LUMINARIAS;;100;100
13885;436;1.3.9.2.1.4;6;DESMONTAGEM DE RAC07;;100;100
13886;437;1.3.9.2.1.5;6;RECUPERAÇÃO METÁLICA;;100;100
13887;438;1.3.9.2.1.6;6;MONTAGEM DE RAC 07;;100;100
13888;439;1.3.9.2.1.7;6;RETIRADA DE BLOQUEIO;;100;100
13892;440;1.3.9.2.2;5;IE - TRATAMENTO ANTICORROSIVO PELO1;BRIQUETAGEM;100;100
13893;441;1.3.9.2.2.1;6;BLOQUEIO;;100;100
13894;442;1.3.9.2.2.2;6;MOBILIZAÇÃO;;100;100
13895;443;1.3.9.2.2.3;6;ISOLAMENTO DE BANDEJAMENTOS ELÉTRICOS, SENSORES E ACESSÓRIOS ELETRONICOS;;100;100
13896;444;1.3.9.2.2.4;6;MONTAGEM DE ANDAIME;;100;100
13897;445;1.3.9.2.2.5;6;TRATAMENTO ANTICORROSIVO;;100;100
13898;446;1.3.9.2.2.6;6;DESMONTAGEM DE ANDAIME;;100;100
13899;447;1.3.9.2.2.7;6;RETIRADA DE BLOQUEIO;;100;100
14163;448;1.3.9.3;4;Manutenção PQ - Briquetagem;;100;100
692;449;1.3.9.4;4;Briquetagem Disponível para Manutenção;;100;100
13080;450;1.3.9.5;4;Peneira de Rolos Disponível para Manutenção;;100;100
691;451;1.3.10;3;Manutenção da Briquetagem Concluída;;100;100
690;452;1.3.11;3;Forno;;96;96
13134;453;1.3.11.1;4;Manutenção do Meio do Forno;;100;100
13135;454;1.3.11.1.1;5;Substituição dos Trilhos Retos superiores;;100;100
13136;455;1.3.11.1.1.1;6;Instalar Iluminação ao Longo do Forno (Ambos os Lados da Grelha);;100;100
13137;456;1.3.11.1.1.2;6;Instalar Andaime de proteção na longitudinal do forno do lado esquerdo e direito da coluna A3 ate U1 ate para Vedação do piso;;100;100
13138;457;1.3.11.1.1.3;6;Desmontagem dos Trilhos Retos Superiores;;100;100
13139;458;1.3.11.1.1.3.1;7;Desmontagem LD e LE - Do trilho de dilatação coluna L1 até A3 (01 Trilho LD e 01 Trilho LE);;100;100
13140;459;1.3.11.1.1.3.1.1;8;Cortar Parafusos de Fixação dos Trilhos (Obs.: Guardar Castanhas de Fixação dos Trilhos);;100;100
13141;460;1.3.11.1.1.3.1.2;8;Cortar e Sucatear os Trilhos Retirados;;100;100
13142;461;1.3.11.1.1.3.1.3;8;Esmerilhar / Limpar Vigas de Apoio para Receber o Trilho Novo;;100;100
13143;462;1.3.11.1.1.3.2;7;Desmontagem LD e LE - Do trilho de dilatação coluna L1 até L25 ( 12 Trilhos LD e 12 Trilhos LE);;100;100
13144;463;1.3.11.1.1.3.2.1;8;Cortar Parafusos de Fixação dos Trilhos (Obs.: Guardar Castanhas de Fixação dos Trilhos);;100;100
13145;464;1.3.11.1.1.3.2.2;8;Cortar e Sucatear os Trilhos;;100;100
13146;465;1.3.11.1.1.3.2.3;8;Esmerilhar / Limpar Vigas de Apoio para Receber o Trilho Novo;;100;100
13147;466;1.3.11.1.1.3.3;7;Desmontagem LD e LE - Do trilho de dilatação coluna L25 até U2  (02 Trilhos LD e 02 Trilhos LE);;100;100
13148;467;1.3.11.1.1.3.3.1;8;Cortar Parafusos de Fixação dos Trilhos (Obs.: Guardar Castanhas de Fixação dos Trilhos);;100;100
13149;468;1.3.11.1.1.3.3.2;8;Cortar e Sucatear os Trilhos;;100;100
13150;469;1.3.11.1.1.3.3.3;8;Esmerilhar / Limpar Vigas de Apoio para Receber o Trilho Novo;;100;100
13151;470;1.3.11.1.1.4;6;Montagem dos Trilhos Retos Superiores;;100;100
13152;471;1.3.11.1.1.4.1;7;Montagem LD e LE  - Do trilho de dilatação coluna L1 até A3 (01 Trilho LD e 01 Trilho LE);;100;100
13153;472;1.3.11.1.1.4.1.1;8;Pré Montar e Alinhar Trilho no Centro da Viga Deixando Folga de 3 mm nas Dilatações;;100;100
13154;473;1.3.11.1.1.4.1.2;8;Montar Todos os Parafusos e fazer Torquear (duas vezes para cada trilho);;100;100
13155;474;1.3.11.1.1.4.1.3;8;Alinhamento e nivelamento secagem;;100;100
13156;475;1.3.11.1.1.4.2;7;Montagem LD e LE - Do trilho de dilatação coluna L1 até L25 ( 12 Trilhos LD e 12 Trilhos LE);;100;100
13157;476;1.3.11.1.1.4.2.1;8;Pré Montar e Alinhar Trilho no Centro da Viga Deixando Folga de 3 mm nas Dilatações;;100;100
13158;477;1.3.11.1.1.4.2.2;8;Montar Todos os Parafusos e fazer Torquear (duas vezes para cada trilho);;100;100
13159;478;1.3.11.1.1.4.2.3;8;Alinhamento e nivelamento queima;;100;100
13160;479;1.3.11.1.1.4.3;7;Montagem LD e LE- Do trilho de dilatação coluna L25 até U2  (02 Trilhos LD e 02 Trilhos LE);;100;100
13161;480;1.3.11.1.1.4.3.1;8;Pré Montar e Alinhar Trilho no Centro da Viga Deixando Folga de 3 mm nas Dilatações;;100;100
13162;481;1.3.11.1.1.4.3.2;8;Montar Todos os Parafusos e fazer Torquear (duas vezes para cada trilho);;100;100
13163;482;1.3.11.1.1.4.3.3;8;Alinhamento e nivelamento resfriamento;;100;100
13164;483;1.3.11.1.1.5;6;Correção de Alinhamento e Nivelamento dos Trilhos;;100;100
13165;484;1.3.11.1.1.5.1;7;Região da Secagem - LD e LE  - Da coluna L1 até A3 (01 Trilho LD e 01 Trilho LE);;100;100
13166;485;1.3.11.1.1.5.1.1;8;Correção mecanica  do alinhamento e nivelamento;;100;100
13167;486;1.3.11.1.1.5.1.2;8;Verificação final da topografia;;100;100
13168;487;1.3.11.1.1.5.2;7;Região da Queima - LD e LE - Da coluna L1 até L25 ( 12 Trilhos LD e 12 Trilhos LE);;100;100
13169;488;1.3.11.1.1.5.2.1;8;Correção mecanica  do alinhamento e nivelamento;;100;100
13170;489;1.3.11.1.1.5.2.2;8;Verificação final da topografia;;100;100
13171;490;1.3.11.1.1.5.3;7;Região do Resfriamento  - LD e LE - Da coluna L25 até U2  (02 Trilhos LD e 02 Trilhos LE);;100;100
13172;491;1.3.11.1.1.5.3.1;8;Correção mecanica  do alinhamento e nivelamento;;100;100
13173;492;1.3.11.1.1.5.3.2;8;Verificação final da topografia;;100;100
13174;493;1.3.11.1.2;5;Substituição da Selagem Inferior;;100;100
13175;494;1.3.11.1.2.1;6;Desmontagem e Montagem LD e LE - Da coluna L1 até A3;;100;100
13176;495;1.3.11.1.2.1.1;7;Desmontar Tubulação de Lubrificação Preservando Niples e Conexções Existentes;;100;100
13177;496;1.3.11.1.2.1.2;7;Desmontar Selagens;;100;100
13178;497;1.3.11.1.2.1.3;7;Esmerilhar / Limpar Vigas de Apoio;;100;100
13179;498;1.3.11.1.2.1.4;7;Montar Selagem com a Tubulação de Lubrificação e Torquear Selagem Inferior Nova (Verificar Alinhamento a cada 6 Metros);;100;100
13180;499;1.3.11.1.2.1.5;7;Montar Tubo de Lubrificação;;100;100
13181;500;1.3.11.1.2.2;6;Desmontagem e Montagem LD e LE - Da coluna L1 até L25;;100;100
13182;501;1.3.11.1.2.2.1;7;Desmontar Tubulação de Lubrificação Preservando Niples e Conexções Existentes;;100;100
13183;502;1.3.11.1.2.2.2;7;Desmontar Selagens;;100;100
13184;503;1.3.11.1.2.2.3;7;Esmerilhar / Limpar Vigas de Apoio;;100;100
13185;504;1.3.11.1.2.2.4;7;Montar Selagem com a Tubulação de Lubrificação e Torquear Selagem Inferior Nova (Verificar Alinhamento a cada 6 Metros);;100;100
13186;505;1.3.11.1.2.2.5;7;Montar Tubo de Lubrificação;;100;100
13187;506;1.3.11.1.2.3;6;Desmontagem e Montagem LD e LE - Da coluna L25 até U2;;100;100
13188;507;1.3.11.1.2.3.1;7;Desmontar Tubulação de Lubrificação Preservando Niples e Conexções Existentes;;100;100
13189;508;1.3.11.1.2.3.2;7;Desmontar Selagens;;100;100
13190;509;1.3.11.1.2.3.3;7;Esmerilhar / Limpar Vigas de Apoio;;100;100
13191;510;1.3.11.1.2.3.4;7;Montar Selagem com a Tubulação de Lubrificação e Torquear Selagem Inferior Nova (Verificar Alinhamento a cada 6 Metros);;100;100
13192;511;1.3.11.1.2.3.5;7;Montar Tubo de Lubrificação;;100;100
13193;512;1.3.11.1.3;5;Substituição dos Trilhos Retos Inferiores;;100;100
13194;513;1.3.11.1.3.1;6;Instalar Iluminação ao Longo do Forno (Ambos os Lados da Grelha);;100;100
13195;514;1.3.11.1.3.2;6;Instalar Andaime de proteção na longitudinal do forno do lado esquerdo e direito da coluna A3 ate U1 ate para Vedação do piso;;100;100
13196;515;1.3.11.1.3.3;6;Desmontagem dos Trilhos Retos Inferiores;;100;100
13197;516;1.3.11.1.3.3.1;7;Desmontagem LD e LE - Do trilho de dilatação coluna L25 até U2  (02 Trilhos LD e 02 Trilhos LE);;100;100
13198;517;1.3.11.1.3.3.1.1;8;Cortar Parafusos de Fixação dos Trilhos (Obs.: Guardar Castanhas de Fixação dos Trilhos);;100;100
13199;518;1.3.11.1.3.3.1.2;8;Cortar e Sucatear os Trilhos;;100;100
13200;519;1.3.11.1.3.3.1.3;8;Esmerilhar / Limpar Vigas de Apoio para Receber o Trilho Novo;;100;100
13201;520;1.3.11.1.3.3.2;7;Desmontagem LD e LE - Do trilho de dilatação coluna L25 até L1 ( 12 Trilhos LD e 12 Trilhos LE);;100;100
13202;521;1.3.11.1.3.3.2.1;8;Cortar Parafusos de Fixação dos Trilhos (Obs.: Guardar Castanhas de Fixação dos Trilhos);;100;100
13203;522;1.3.11.1.3.3.2.2;8;Cortar e Sucatear os Trilhos;;100;100
13204;523;1.3.11.1.3.3.2.3;8;Esmerilhar / Limpar Vigas de Apoio para Receber o Trilho Novo;;100;100
13205;524;1.3.11.1.3.3.3;7;Desmontagem LD e LE - Do trilho de dilatação coluna L1 até A3 (01 Trilho LD e 01 Trilho LE);;100;100
13206;525;1.3.11.1.3.3.3.1;8;Cortar Parafusos de Fixação dos Trilhos (Obs.: Guardar Castanhas de Fixação dos Trilhos);;100;100
13207;526;1.3.11.1.3.3.3.2;8;Cortar e Sucatear os Trilhos Retirados;;100;100
13208;527;1.3.11.1.3.3.3.3;8;Esmerilhar / Limpar Vigas de Apoio para Receber o Trilho Novo;;100;100
13209;528;1.3.11.1.3.4;6;Montagem dos Trilhos Retos Inferiores;;100;100
13210;529;1.3.11.1.3.4.1;7;Montagem LD e LE- Do trilho de dilatação coluna L25 até U2  (02 Trilhos LD e 02 Trilhos LE);;100;100
13211;530;1.3.11.1.3.4.1.1;8;Pré Montar e Alinhar Trilho no Centro da Viga Deixando Folga de 3 mm nas Dilatações;;100;100
13212;531;1.3.11.1.3.4.1.2;8;Montar Todos os Parafusos e fazer Torquear (duas vezes para cada trilho);;100;100
13213;532;1.3.11.1.3.4.1.3;8;Alinhamento e nivelamento resfriamento;;100;100
13214;533;1.3.11.1.3.4.2;7;Montagem LD e LE - Do trilho de dilatação coluna L25 até L1 ( 12 Trilhos LD e 12 Trilhos LE);;100;100
13215;534;1.3.11.1.3.4.2.1;8;Pré Montar e Alinhar Trilho no Centro da Viga Deixando Folga de 3 mm nas Dilatações;;100;100
13216;535;1.3.11.1.3.4.2.2;8;Montar Todos os Parafusos e fazer Torquear (duas vezes para cada trilho);;100;100
13217;536;1.3.11.1.3.4.2.3;8;Alinhamento e nivelamento queima;;100;100
13218;537;1.3.11.1.3.4.3;7;Montagem LD e LE  - Do trilho de dilatação coluna L1 até A3 (01 Trilho LD e 01 Trilho LE);;100;100
13219;538;1.3.11.1.3.4.3.1;8;Pré Montar e Alinhar Trilho no Centro da Viga Deixando Folga de 3 mm nas Dilatações;;100;100
13220;539;1.3.11.1.3.4.3.2;8;Montar Todos os Parafusos e fazer Torquear (duas vezes para cada trilho);;100;100
13221;540;1.3.11.1.3.4.3.3;8;Alinhamento e nivelamento secagem;;100;100
13222;541;1.3.11.1.3.5;6;Correção de Alinhamento e Nivelamento dos Trilhos;;100;100
13223;542;1.3.11.1.3.5.1;7;Região do Resfriamento  - LD e LE - Da coluna L25 até U2  (02 Trilhos LD e 02 Trilhos LE);;100;100
13224;543;1.3.11.1.3.5.1.1;8;Correção mecanica  do alinhamento e nivelamento;;100;100
13225;544;1.3.11.1.3.5.1.2;8;Verificação final da topografia;;100;100
13226;545;1.3.11.1.3.5.2;7;Região da Queima - LD e LE - Da coluna L25 até L1 ( 12 Trilhos LD e 12 Trilhos LE);;100;100
13227;546;1.3.11.1.3.5.2.1;8;Correção mecanica  do alinhamento e nivelamento;;100;100
13228;547;1.3.11.1.3.5.2.2;8;Verificação final da topografia;;100;100
13229;548;1.3.11.1.3.5.3;7;Região da Secagem - LD e LE  - Da coluna L1 até A3 (01 Trilho LD e 01 Trilho LE);;100;100
13230;549;1.3.11.1.3.5.3.1;8;Correção mecanica  do alinhamento e nivelamento;;100;100
13231;550;1.3.11.1.3.5.3.2;8;Verificação final da topografia;;100;100
13232;551;1.3.11.1.4;5;Substituição das Selagens Basculante;;100;100
13233;552;1.3.11.1.4.1;6;Montar andaime;;100;100
13234;553;1.3.11.1.4.2;6;Retirar selagem basculante;;100;100
13235;554;1.3.11.1.4.3;6;Sucatear todas as selagem basculante;;100;100
13236;555;1.3.11.1.4.4;6;Inspecionar e recuperar/ substituir tubo de de apoio, parafusos de fixação, trincas ;;100;100
13237;556;1.3.11.1.4.5;6;Recuperar vigas longitudinais quanto a desgaste;;100;100
13238;557;1.3.11.1.4.6;6;Montar selagem basculante E FAZER AJUSTES CONFORME DX;;100;100
13239;558;1.3.11.1.5;5;Manutenção das Caixas de Vento;;100;100
13240;559;1.3.11.1.5.1;6;Caixa de Vento 1;;100;100
13241;560;1.3.11.1.5.1.1;7;Isolar a Área;;100;100
13242;561;1.3.11.1.5.1.2;7;Abrir Janela;;100;100
13243;562;1.3.11.1.5.1.3;7;Instalar Iluminação;;100;100
13244;563;1.3.11.1.5.1.4;7;Montar Andaime;;100;100
13245;564;1.3.11.1.5.1.5;7;Recuperar Chapas Avariadas;;100;100
13246;565;1.3.11.1.5.1.6;7;Desmontar Andaime;;100;100
13247;566;1.3.11.1.5.1.7;7;Fechar janela;;100;100
13248;567;1.3.11.1.5.2;6;Caixa de Vento 2;;100;100
13249;568;1.3.11.1.5.2.1;7;Isolar a Área;;100;100
13250;569;1.3.11.1.5.2.2;7;Abrir Janela;;100;100
13251;570;1.3.11.1.5.2.3;7;Instalar Iluminação;;100;100
13252;571;1.3.11.1.5.2.4;7;Montar Andaime;;100;100
13253;572;1.3.11.1.5.2.5;7;Recuperar Chapas Avariadas;;100;100
13254;573;1.3.11.1.5.2.6;7;Desmontar Andaime;;100;100
13255;574;1.3.11.1.5.2.7;7;Fechar janela;;100;100
13256;575;1.3.11.2;4;Manutenção do Meio do Forno;;100;100
13257;576;1.3.11.3;4;Substituição Viga da Roda Abaixamento;;100;100
13258;577;1.3.11.3.1;5;Lado direito;;100;100
13259;578;1.3.11.3.1.1;6;Montar dispositivo/ talha para remoção da viga ;;100;100
13260;579;1.3.11.3.1.2;6;Retirar viga;;100;100
13261;580;1.3.11.3.1.3;6;Montar viga;;100;100
13262;581;1.3.11.3.1.4;6;Soldar viga;;100;100
13263;582;1.3.11.3.2;5;Lado esquerdo;;100;100
13264;583;1.3.11.3.2.1;6;Montar dispositivo/ talha para remoção da viga ;;100;100
13265;584;1.3.11.3.2.2;6;Retirar viga;;100;100
13266;585;1.3.11.3.2.3;6;Montar viga;;100;100
13267;586;1.3.11.3.2.4;6;Soldar viga;;100;100
13268;587;1.3.11.4;4;Substituição Viga da Roda Abaixamento;;100;100
13269;588;1.3.11.5;4;Manutenção Região do Levantamento AH1;;95;95
13270;589;1.3.11.5.1;5;Desmontagem da proteção do tambor da  Carambola;;100;100
13271;590;1.3.11.5.1.1;6;Preparação para verificação topográfica da linha de centro do eixo;;100;100
13272;591;1.3.11.5.1.1.1;7;Montagem de andaime p/ retirada da tampa central lado acoplado e do mancal lado livre;;100;100
13273;592;1.3.11.5.1.1.2;7;Retirar tampa do mancal LNA e chapa de trava do rolamento;;100;100
13274;593;1.3.11.5.1.1.3;7;Retirar tampa central da proteção da engrenagem e chapa de trava ;;100;100
13275;594;1.3.11.5.1.1.4;7;Levantamento topográfico do alinhamento e nivelamento do eixo da roda elevadora;;100;100
13276;595;1.3.11.5.1.1.5;7;Reposicionar tampa do mancal LNA e chapa de trava do rolamento;;100;100
13277;596;1.3.11.5.1.1.6;7;Reposicionar tampa central da proteção da engrenagem e chapa de trava ;;100;100
13278;597;1.3.11.5.1.2;6;Preparação para desmontagem da Carambola;;100;100
13279;598;1.3.11.5.1.2.1;7;Manutenir freio do acionamento da grelha para garantir eficacia na substituição da proteção do tambor da grelga e do segmento dentado ;;100;100
13280;599;1.3.11.5.1.2.2;7;Instalação de manta anti chama sobre o gradilho da roda de levantamento p/ trabalho a quente;;100;100
13281;600;1.3.11.5.1.2.3;7;Montar Dispositivo na Talha eletrica (carro de grelha) para Remover Carambola;;100;100
13282;601;1.3.11.5.1.2.4;7;Montagem de andaime;;100;100
13283;602;1.3.11.5.1.2.5;7;Desmontagem do painel frontal do acionamento da roda de levantamento;;100;100
13284;603;1.3.11.5.1.2.6;7;Solicitar operação para Posicionar roda elevadora para desmontagem da 1° proteção do tambor (carambola);;100;100
13285;604;1.3.11.5.1.2.7;7;Colocar bloqueio eletrico na chave A3;;100;100
13286;605;1.3.11.5.1.2.8;7;Montar suporte e dispositivo mecanico (entre o segmento dentado) para evitar giro da roda elevadora;;100;100
13287;606;1.3.11.5.1.2.9;7;Montar andaime na parte inferior da Proteção do tambor (carambola) para soldar olhais;;100;100
13288;607;1.3.11.5.1.2.10;7;Soldar Olhais nas 1° 2°, 3° e 4° Partes da Carambola ( Fazer ensaio de LP );;100;100
13289;608;1.3.11.5.1.2.11;7;Executar travamento mecanico (solda) na 2° e 3° carambola ;;100;100
13290;609;1.3.11.5.1.2.12;7;Montar linha de vida e trava queda p/ corte de parafusos e solda de olhais;;100;100
13291;610;1.3.11.5.1.3;6;Preparação da monovia p/ substituição do segmento dentado;;100;100
13292;611;1.3.11.5.1.3.1;7;Montagem de andaime p/ instalação das monovias ;;100;100
13293;612;1.3.11.5.1.3.2;7;Instalação das monovias, trolleys e talhas corrente;;100;100
13294;613;1.3.11.5.1.3.3;7;Desmontagem do andaime;;100;100
13295;614;1.3.11.5.1.4;6;Desmontagem  da 1° carambola;;100;100
13296;615;1.3.11.5.1.4.1;7;Posicionar talha eletrica (carro de grelha ) com dispositivo de remoção da carambola;;100;100
13297;616;1.3.11.5.1.4.2;7;Remover 1° Parte da Carambola e reposicionar parafusos de fixação e Transportar para Local Definido pela Fiscalização;;100;100
13298;617;1.3.11.5.1.4.3;7;Retirar Dispositivo de bloqueio mecanico para Travamento da Roda e bloquear conforme procedimento Pro xxx;;100;100
13299;618;1.3.11.5.1.4.4;7;Solicitar operador para desbloqueio chave A3, girar e posicionar a roda elevadora para proximo carambola;;100;100
13300;619;1.3.11.5.1.4.5;7;Bloquear chave A3;;100;100
13301;620;1.3.11.5.1.5;6;Desmontagem da 2° Carambola;;100;100
13302;621;1.3.11.5.1.5.1;7;Bloquear dispositivo mecanico (entre o segmento dentado) para evitar giro da roda elevadora;;100;100
13303;622;1.3.11.5.1.5.2;7;Posicionar talha eletrica (carro de grelha ) com dispositivo de remoção da carambola;;100;100
13304;623;1.3.11.5.1.5.3;7;Executar solda na 3° carambola ;;100;100
13305;624;1.3.11.5.1.5.4;7;Remover 2° Parte da Carambola e reposicionar parafusos de fixação e Transportar para Local Definido pela Fiscalização;;100;100
13306;625;1.3.11.5.1.5.5;7;Retirar Dispositivo de bloqueio mecanico para Travamento da Roda e bloquear conforme procedimento Pro xxx;;100;100
13307;626;1.3.11.5.1.5.6;7;Solicitar operador para desbloqueio chave A3, girar e posicionar a roda elevadora para proximo carambola;;100;100
13308;627;1.3.11.5.1.5.7;7;Bloquear chave A3;;100;100
13309;628;1.3.11.5.1.6;6;Desmontagem da 3° Carambola;;100;100
13310;629;1.3.11.5.1.6.1;7;Bloquear dispositivo mecanico (entre o segmento dentado) para evitar giro da roda elevadora;;100;100
13311;630;1.3.11.5.1.6.2;7;Posicionar talha eletrica (carro de grelha ) com dispositivo de remoção da carambola;;100;100
13312;631;1.3.11.5.1.6.3;7;Executar travamento mecanico na 4° carambola ;;100;100
13313;632;1.3.11.5.1.6.4;7;Remover 3° Parte da Carambola e Transportar para Local Definido pela Fiscalização;;100;100
13314;633;1.3.11.5.1.6.5;7;Retirar Dispositivo de bloqueio mecanico para Travamento da Roda e bloquear conforme procedimento Pro xxx;;100;100
13315;634;1.3.11.5.1.6.6;7;Solicitar operador para desbloqueio chave A3, girar e posicionar a roda elevadora para proximo carambola;;100;100
13316;635;1.3.11.5.1.6.7;7;Bloquear chave A3;;100;100
13317;636;1.3.11.5.1.7;6;Desmontagem da 4° Carambola;;100;100
13318;637;1.3.11.5.1.7.1;7;Bloquear dispositivo mecanico (entre o segmento dentado) para evitar giro da roda elevadora;;100;100
13319;638;1.3.11.5.1.7.2;7;Posicionar talha eletrica (carro de grelha ) com dispositivo de remoção da carambola;;100;100
13320;639;1.3.11.5.1.7.3;7;Executar travamento mecanico na 3° e 4° carambola ;;100;100
13321;640;1.3.11.5.1.7.4;7;Remover 4° Parte da Carambola e Transportar para Local Definido pela Fiscalização;;100;100
13322;641;1.3.11.5.1.7.5;7;Retirar Dispositivo de bloqueio mecanico para Travamento da Roda e bloquear conforme procedimento Pro xxx;;100;100
13323;642;1.3.11.5.1.7.6;7;Solicitar operador para desbloqueio chave A3, girar e nivelar a roda elevadora para substituição do segmento de 3 dentes;;100;100
13324;643;1.3.11.5.1.7.7;7;Bloquear chave A3;;100;100
13325;644;1.3.11.5.2;5; Substituição dos Segmentos Dentados da Roda de Levantamento;;100;100
13525;645;1.3.11.5.2.1;6; Desmontagem da comporta e dos Trilhos Retos Forjados Superior e Inferior LD/LE;;100;100
13327;646;1.3.11.5.2.1.1;7;Montar Dispositivo de bloqueio mecanico para Travamento da Roda e bloquear conforme procedimento Pro xxx;;100;100
13328;647;1.3.11.5.2.1.2;7;Montagem de andaime para substituição do segmento;;100;100
13526;648;1.3.11.5.2.1.3;7;Adequação de andaime;;100;100
13527;649;1.3.11.5.2.1.4;7;Preparação soldar olhais;;100;100
13528;650;1.3.11.5.2.1.5;7;Posicionar talha eletrica com o dispositivo para remocao da comporta e  vigas e trilhos parte superior  ;;100;100
13529;651;1.3.11.5.2.1.6;7;Desmontagem da estrutura e do trilho reto forjado e da comporta (parte superior);;100;100
13530;652;1.3.11.5.2.1.7;7;Desmontagem da estrutura e trilho reto forjado parte central ate no trilho ferroviario superior;;100;100
13326;653;1.3.11.5.2.2;6; Substituição do Segmento de 3 Dentes (LD e LE);;100;100
13329;654;1.3.11.5.2.2.1;7;Topografia = Verificar index do segmento antigo;;100;100
13330;655;1.3.11.5.2.2.2;7;Montar Dispositivo para Remoção do Segmento Dentado ;;100;100
13331;656;1.3.11.5.2.2.3;7;Verificar o GAP 0,3 mm Antes da Desmontagem do Segmento Existente;;100;100
13332;657;1.3.11.5.2.2.4;7;Cortar e Retirar Parafusos Guias e de Fixação;;100;100
13333;658;1.3.11.5.2.2.5;7;Montar Dispositivo e sacar as 04 Buchas Elásticas;;100;100
13334;659;1.3.11.5.2.2.6;7;Retirar Segmentos e Transportar para o Local de Descarte;;100;100
13335;660;1.3.11.5.2.2.7;7;Executar limpeza mecanica  na roda para montagem do novo segmento;;100;100
13336;661;1.3.11.5.2.2.8;7;Preparação para içamento do segmento;;100;100
13337;662;1.3.11.5.2.2.9;7;Fazer içamento do segmento e fazer pré-montagem no tambor da roda elevadora ;;100;100
13338;663;1.3.11.5.2.2.10;7;Montar Parafusos de Fixação e Torquear (Verificar Folga de 0,3 mm entre o Segmento Novo e Antigo);;100;100
13339;664;1.3.11.5.2.2.11;7;Verificar Folga entre o Assentamento do Segmento e Tambor da Roda Fixa (0,0 a 0,2 mm);;100;100
13340;665;1.3.11.5.2.2.12;7;Verificar INDEX com a Topografia do segmento novo;;100;100
13341;666;1.3.11.5.2.2.13;7;Abertura dos furos (LD e LE);;100;100
13342;667;1.3.11.5.2.2.13.1;8;Montar dispositivo e Reabrir 1° furo  ;;100;100
13343;668;1.3.11.5.2.2.13.2;8;Montar dispositivo e Reabrir 2° furo  ;;100;100
13344;669;1.3.11.5.2.2.13.3;8;Montar dispositivo e Reabrir 3° furo  ;;100;100
13345;670;1.3.11.5.2.2.13.4;8;Montar dispositivo e Reabrir 4° furo  ;;100;100
13346;671;1.3.11.5.2.2.13.5;8;Limpeza das limalhas e do segmento dentado;;100;100
13347;672;1.3.11.5.2.2.14;7;Montagem das buchas elasticas e torque dos parafusos;;100;100
13348;673;1.3.11.5.2.2.14.1;8;Montagem da 1° bucha elastica = montar dispositivo, Montar bucha, montar parafuso de fixação e torquear;;100;100
13349;674;1.3.11.5.2.2.14.2;8;Montagem da 2° bucha elastica = montar dispositivo, Montar bucha, montar parafuso de fixação e torquear;;100;100
13350;675;1.3.11.5.2.2.14.3;8;Montagem da 3° bucha elastica = montar dispositivo, Montar bucha, montar parafuso de fixação e torquear;;100;100
13351;676;1.3.11.5.2.2.14.4;8;Montagem da 4° bucha elastica = montar dispositivo, Montar bucha, montar parafuso de fixação e torquear;;100;100
13352;677;1.3.11.5.2.2.14.5;8;Desbloqueiar e retirar Dispositivo de bloqueio mecanico para Travamento da Roda;;100;100
13353;678;1.3.11.5.2.2.14.6;8;Solicitar operador para desbloqueio chave A3, girar e posicionar a roda elevadora para proximo segmento;;100;100
13354;679;1.3.11.5.2.2.14.7;8;Bloqueio chave A3;;100;100
13355;680;1.3.11.5.2.3;6; Substituição do 1º Segmento de 2 Dentes (LD e LE);;100;100
13356;681;1.3.11.5.2.3.1;7;Montar Dispositivo de bloqueio mecanico para Travamento da Roda e bloquear conforme procedimento Pro xxx;;100;100
13357;682;1.3.11.5.2.3.2;7;Posicionar Talha Elétrica e Montar Dispositivo para Remoção do Segmento Dentado ;;100;100
13358;683;1.3.11.5.2.3.3;7;Verificar o GAP 0,3 mm Antes da Desmontagem do Segmento Existente;;100;100
13359;684;1.3.11.5.2.3.4;7;Cortar e Retirar Parafusos Guias e de Fixação;;100;100
13360;685;1.3.11.5.2.3.5;7;Montar Dispositivo e sacar as 03 Buchas Elásticas;;100;100
13361;686;1.3.11.5.2.3.6;7;Retirar Segmentos e Transportar para o Local de Descarte;;100;100
13362;687;1.3.11.5.2.3.7;7;Executar limpeza mecanica  na roda para montagem do novo segmento;;100;100
13363;688;1.3.11.5.2.3.8;7;preparação para içamento do segmento;;100;100
13364;689;1.3.11.5.2.3.9;7;Fazer içamento do segmento e fazer pré-montagem no tambor da roda elevadora va Tarefa>;;100;100
13365;690;1.3.11.5.2.3.10;7;Montar Parafusos de Fixação e Torquear (Verificar Folga de 0,3 mm entre o Segmento Novo e Antigo);;100;100
13366;691;1.3.11.5.2.3.11;7;Verificar Folga entre o Assentamento do Segmento e Tambor da Roda Fixa (0,0 a 0,2 mm);;100;100
13367;692;1.3.11.5.2.3.12;7;Abertura dos furos (LD e LE);;100;100
13368;693;1.3.11.5.2.3.12.1;8;Montar dispositivo e Reabrir 1° furo  ;;100;100
13369;694;1.3.11.5.2.3.12.2;8;Montar dispositivo e Reabrir 2° furo  ;;100;100
13370;695;1.3.11.5.2.3.12.3;8;Montar dispositivo e Reabrir 3° furo  ;;100;100
13371;696;1.3.11.5.2.3.12.4;8;Limpeza das limalhas e do segmento dentado;;100;100
13372;697;1.3.11.5.2.3.13;7;Montagem das buchas elasticas e torque dos parafusos;;100;100
13373;698;1.3.11.5.2.3.13.1;8;Montagem da 1° bucha elastica = montar dispositivo, Montar bucha, montar parafuso de fixação e torquear;;100;100
13374;699;1.3.11.5.2.3.13.2;8;Montagem da 2° bucha elastica = montar dispositivo, Montar bucha, montar parafuso de fixação e torquear;;100;100
13375;700;1.3.11.5.2.3.13.3;8;Montagem da 3° bucha elastica = montar dispositivo, Montar bucha, montar parafuso de fixação e torquear;;100;100
13376;701;1.3.11.5.2.3.13.4;8;Desbloqueiar e retirar Dispositivo de bloqueio mecanico para Travamento da Roda;;100;100
13377;702;1.3.11.5.2.3.13.5;8;Solicitar operador para desbloqueio chave A3, girar e posicionar a roda elevadora para proximo segmento;;100;100
13378;703;1.3.11.5.2.3.13.6;8;Bloqueio chave A3;;100;100
13379;704;1.3.11.5.2.4;6; Substituição do 2º Segmento de 2 Dentes (LD e LE);;100;100
13380;705;1.3.11.5.2.4.1;7;Montar Dispositivo de bloqueio mecanico para Travamento da Roda e bloquear conforme procedimento Pro xxx;;100;100
13381;706;1.3.11.5.2.4.2;7;Posicionar Talha Elétrica e Montar Dispositivo para Remoção do Segmento Dentado ;;100;100
13382;707;1.3.11.5.2.4.3;7;Verificar o GAP 0,3 mm Antes da Desmontagem do Segmento Existente;;100;100
13383;708;1.3.11.5.2.4.4;7;Cortar e Retirar Parafusos Guias e de Fixação;;100;100
13384;709;1.3.11.5.2.4.5;7;Montar Dispositivo e sacar as 03 Buchas Elásticas;;100;100
13385;710;1.3.11.5.2.4.6;7;Retirar Segmentos e Transportar para o Local de Descarte;;100;100
13386;711;1.3.11.5.2.4.7;7;Executar limpeza mecanica  na roda para montagem do novo segmento;;100;100
13387;712;1.3.11.5.2.4.8;7;Preparação para içamento do segmento;;100;100
13388;713;1.3.11.5.2.4.9;7;Fazer içamento do segmento e fazer pré-montagem no tambor da roda elevadora va Tarefa>;;100;100
13389;714;1.3.11.5.2.4.10;7;Montar Parafusos de Fixação e Torquear (Verificar Folga de 0,3 mm entre o Segmento Novo e Antigo);;100;100
13390;715;1.3.11.5.2.4.11;7;Verificar Folga entre o Assentamento do Segmento e Tambor da Roda Fixa (0,0 a 0,2 mm);;100;100
13391;716;1.3.11.5.2.4.12;7;Abertura dos furos (LD e LE);;100;100
13392;717;1.3.11.5.2.4.12.1;8;Montar dispositivo e Reabrir 1° furo  ;;100;100
13393;718;1.3.11.5.2.4.12.2;8;Montar dispositivo e Reabrir 2° furo  ;;100;100
13394;719;1.3.11.5.2.4.12.3;8;Montar dispositivo e Reabrir 3° furo  ;;100;100
13395;720;1.3.11.5.2.4.12.4;8;Limpeza das limalhas e do segmento dentado;;100;100
13396;721;1.3.11.5.2.4.13;7;Montagem das buchas elasticas e torque dos parafusos;;100;100
13397;722;1.3.11.5.2.4.13.1;8;Montagem da 1° bucha elastica = montar dispositivo, Montar bucha, montar parafuso de fixação e torquear;;100;100
13398;723;1.3.11.5.2.4.13.2;8;Montagem da 2° bucha elastica = montar dispositivo, Montar bucha, montar parafuso de fixação e torquear;;100;100
13399;724;1.3.11.5.2.4.13.3;8;Montagem da 3° bucha elastica = montar dispositivo, Montar bucha, montar parafuso de fixação e torquear;;100;100
13400;725;1.3.11.5.2.4.13.4;8;Desbloqueiar e retirar Dispositivo de bloqueio mecanico para Travamento da Roda;;100;100
13401;726;1.3.11.5.2.4.13.5;8;Solicitar operador para desbloqueio chave A3, girar e posicionar a roda elevadora para proximo segmento;;100;100
13402;727;1.3.11.5.2.4.13.6;8;Bloqueio chave A3;;100;100
13403;728;1.3.11.5.2.5;6; Substituição do 3º Segmento de 2 Dentes (LD e LE);;100;100
13404;729;1.3.11.5.2.5.1;7;Montar Dispositivo de bloqueio mecanico para Travamento da Roda e bloquear conforme procedimento Pro xxx;;100;100
13405;730;1.3.11.5.2.5.2;7;Posicionar Talha Elétrica e Montar Dispositivo para Remoção do Segmento Dentado ;;100;100
13406;731;1.3.11.5.2.5.3;7;Verificar o GAP 0,3 mm Antes da Desmontagem do Segmento Existente;;100;100
13407;732;1.3.11.5.2.5.4;7;Cortar e Retirar Parafusos Guias e de Fixação;;100;100
13408;733;1.3.11.5.2.5.5;7;Montar Dispositivo e sacar as 03 Buchas Elásticas;;100;100
13409;734;1.3.11.5.2.5.6;7;Retirar Segmentos e Transportar para o Local de Descarte;;100;100
13410;735;1.3.11.5.2.5.7;7;Executar limpeza mecanica  na roda para montagem do novo segmento;;100;100
13411;736;1.3.11.5.2.5.8;7;Preparação para içamento do segmento;;100;100
13412;737;1.3.11.5.2.5.9;7;Fazer içamento do segmento e fazer pré-montagem no tambor da roda elevadora va Tarefa>;;100;100
13413;738;1.3.11.5.2.5.10;7;Montar Parafusos de Fixação e Torquear (Verificar Folga de 0,3 mm entre o Segmento Novo e Antigo);;100;100
13414;739;1.3.11.5.2.5.11;7;Verificar Folga entre o Assentamento do Segmento e Tambor da Roda Fixa (0,0 a 0,2 mm);;100;100
13415;740;1.3.11.5.2.5.12;7;Abertura dos furos (LD e LE);;100;100
13416;741;1.3.11.5.2.5.12.1;8;Montar dispositivo e Reabrir 1° furo  ;;100;100
13417;742;1.3.11.5.2.5.12.2;8;Montar dispositivo e Reabrir 2° furo  ;;100;100
13418;743;1.3.11.5.2.5.12.3;8;Montar dispositivo e Reabrir 3° furo  ;;100;100
13419;744;1.3.11.5.2.5.12.4;8;Limpeza das limalhas e do segmento dentado;;100;100
13420;745;1.3.11.5.2.5.13;7;Montagem das buchas elasticas e torque dos parafusos;;100;100
13421;746;1.3.11.5.2.5.13.1;8;Montagem da 1° bucha elastica = montar dispositivo, Montar bucha, montar parafuso de fixação e torquear;;100;100
13422;747;1.3.11.5.2.5.13.2;8;Montagem da 2° bucha elastica = montar dispositivo, Montar bucha, montar parafuso de fixação e torquear;;100;100
13423;748;1.3.11.5.2.5.13.3;8;Montagem da 3° bucha elastica = montar dispositivo, Montar bucha, montar parafuso de fixação e torquear;;100;100
13424;749;1.3.11.5.2.5.13.4;8;Desbloqueiar e retirar Dispositivo de bloqueio mecanico para Travamento da Roda;;100;100
13425;750;1.3.11.5.2.5.13.5;8;Solicitar operador para desbloqueio chave A3, girar e posicionar a roda elevadora para proximo segmento;;100;100
13426;751;1.3.11.5.2.5.13.6;8;Bloqueio chave A3;;100;100
13427;752;1.3.11.5.2.6;6; Substituição do 4º Segmento de 2 Dentes (LD e LE);;100;100
13428;753;1.3.11.5.2.6.1;7;Montar Dispositivo de bloqueio mecanico para Travamento da Roda e bloquear conforme procedimento Pro xxx;;100;100
13429;754;1.3.11.5.2.6.2;7;Posicionar Talha Elétrica e Montar Dispositivo para Remoção do Segmento Dentado ;;100;100
13430;755;1.3.11.5.2.6.3;7;Verificar o GAP 0,3 mm Antes da Desmontagem do Segmento Existente;;100;100
13431;756;1.3.11.5.2.6.4;7;Cortar e Retirar Parafusos Guias e de Fixação;;100;100
13432;757;1.3.11.5.2.6.5;7;Montar Dispositivo e sacar as 03 Buchas Elásticas;;100;100
13433;758;1.3.11.5.2.6.6;7;Retirar Segmentos e Transportar para o Local de Descarte;;100;100
13434;759;1.3.11.5.2.6.7;7;Executar limpeza mecanica  na roda para montagem do novo segmento;;100;100
13435;760;1.3.11.5.2.6.8;7;Preparação para içamento do segmento;;100;100
13436;761;1.3.11.5.2.6.9;7;Fazer içamento do segmento e fazer pré-montagem no tambor da roda elevadora va Tarefa>;;100;100
13437;762;1.3.11.5.2.6.10;7;Montar Parafusos de Fixação e Torquear (Verificar Folga de 0,3 mm entre o Segmento Novo e Antigo);;100;100
13438;763;1.3.11.5.2.6.11;7;Verificar Folga entre o Assentamento do Segmento e Tambor da Roda Fixa (0,0 a 0,2 mm);;100;100
13439;764;1.3.11.5.2.6.12;7;Abertura dos furos (LD e LE);;100;100
13440;765;1.3.11.5.2.6.12.1;8;Montar dispositivo e Reabrir 1° furo  ;;100;100
13441;766;1.3.11.5.2.6.12.2;8;Montar dispositivo e Reabrir 2° furo  ;;100;100
13442;767;1.3.11.5.2.6.12.3;8;Montar dispositivo e Reabrir 3° furo  ;;100;100
13443;768;1.3.11.5.2.6.12.4;8;Limpeza das limalhas e do segmento dentado;;100;100
13444;769;1.3.11.5.2.6.13;7;Montagem das buchas elasticas e torque dos parafusos;;100;100
13445;770;1.3.11.5.2.6.13.1;8;Montagem da 1° bucha elastica = montar dispositivo, Montar bucha, montar parafuso de fixação e torquear;;100;100
13446;771;1.3.11.5.2.6.13.2;8;Montagem da 2° bucha elastica = montar dispositivo, Montar bucha, montar parafuso de fixação e torquear;;100;100
13447;772;1.3.11.5.2.6.13.3;8;Montagem da 3° bucha elastica = montar dispositivo, Montar bucha, montar parafuso de fixação e torquear;;100;100
13448;773;1.3.11.5.2.6.13.4;8;Desbloqueiar e retirar Dispositivo de bloqueio mecanico para Travamento da Roda;;100;100
13449;774;1.3.11.5.2.6.13.5;8;Solicitar operador para desbloqueio chave A3, girar e posicionar a roda elevadora para proximo segmento;;100;100
13450;775;1.3.11.5.2.6.13.6;8;Bloqueio chave A3;;100;100
13451;776;1.3.11.5.2.7;6; Substituição do 5º Segmento de 2 Dentes (LD e LE);;100;100
13452;777;1.3.11.5.2.7.1;7;Montar Dispositivo de bloqueio mecanico para Travamento da Roda e bloquear conforme procedimento Pro xxx;;100;100
13453;778;1.3.11.5.2.7.2;7;Posicionar Talha Elétrica e Montar Dispositivo para Remoção do Segmento Dentado ;;100;100
13454;779;1.3.11.5.2.7.3;7;Verificar o GAP 0,3 mm Antes da Desmontagem do Segmento Existente;;100;100
13455;780;1.3.11.5.2.7.4;7;Cortar e Retirar Parafusos Guias e de Fixação;;100;100
13456;781;1.3.11.5.2.7.5;7;Montar Dispositivo e sacar as 03 Buchas Elásticas;;100;100
13457;782;1.3.11.5.2.7.6;7;Retirar Segmentos e Transportar para o Local de Descarte;;100;100
13458;783;1.3.11.5.2.7.7;7;Executar limpeza mecanica  na roda para montagem do novo segmento;;100;100
13459;784;1.3.11.5.2.7.8;7;Preparação para içamento do segmento;;100;100
13460;785;1.3.11.5.2.7.9;7;Fazer içamento do segmento e fazer pré-montagem no tambor da roda elevadora va Tarefa>;;100;100
13461;786;1.3.11.5.2.7.10;7;Montar Parafusos de Fixação e Torquear (Verificar Folga de 0,3 mm entre o Segmento Novo e Antigo);;100;100
13462;787;1.3.11.5.2.7.11;7;Verificar Folga entre o Assentamento do Segmento e Tambor da Roda Fixa (0,0 a 0,2 mm);;100;100
13463;788;1.3.11.5.2.7.12;7;Abertura dos furos (LD e LE);;100;100
13464;789;1.3.11.5.2.7.12.1;8;Montar dispositivo e Reabrir 1° furo  ;;100;100
13465;790;1.3.11.5.2.7.12.2;8;Montar dispositivo e Reabrir 2° furo  ;;100;100
13466;791;1.3.11.5.2.7.12.3;8;Montar dispositivo e Reabrir 3° furo  ;;100;100
13467;792;1.3.11.5.2.7.12.4;8;Limpeza das limalhas e do segmento dentado;;100;100
13468;793;1.3.11.5.2.7.13;7;Montagem das buchas elasticas e torque dos parafusos;;100;100
13469;794;1.3.11.5.2.7.13.1;8;Montagem da 1° bucha elastica = montar dispositivo, Montar bucha, montar parafuso de fixação e torquear;;100;100
13470;795;1.3.11.5.2.7.13.2;8;Montagem da 2° bucha elastica = montar dispositivo, Montar bucha, montar parafuso de fixação e torquear;;100;100
13471;796;1.3.11.5.2.7.13.3;8;Montagem da 3° bucha elastica = montar dispositivo, Montar bucha, montar parafuso de fixação e torquear;;100;100
13472;797;1.3.11.5.2.7.13.4;8;Desbloqueiar e retirar Dispositivo de bloqueio mecanico para Travamento da Roda;;100;100
13473;798;1.3.11.5.2.7.13.5;8;Solicitar operador para desbloqueio chave A3, girar e posicionar a roda elevadora para proximo segmento;;100;100
13474;799;1.3.11.5.2.7.13.6;8;Bloqueio chave A3;;100;100
13475;800;1.3.11.5.2.8;6; Substituição do 6º Segmento de 2 Dentes (LD e LE);;100;100
13476;801;1.3.11.5.2.8.1;7;Montar Dispositivo de bloqueio mecanico para Travamento da Roda e bloquear conforme procedimento Pro xxx;;100;100
13477;802;1.3.11.5.2.8.2;7;Posicionar Talha Elétrica e Montar Dispositivo para Remoção do Segmento Dentado ;;100;100
13478;803;1.3.11.5.2.8.3;7;Verificar o GAP 0,3 mm Antes da Desmontagem do Segmento Existente;;100;100
13479;804;1.3.11.5.2.8.4;7;Cortar e Retirar Parafusos Guias e de Fixação;;100;100
13480;805;1.3.11.5.2.8.5;7;Montar Dispositivo e sacar as 03 Buchas Elásticas;;100;100
13481;806;1.3.11.5.2.8.6;7;Retirar Segmentos e Transportar para o Local de Descarte;;100;100
13482;807;1.3.11.5.2.8.7;7;Executar limpeza mecanica  na roda para montagem do novo segmento;;100;100
13483;808;1.3.11.5.2.8.8;7;Preparação para içamento do segmento;;100;100
13484;809;1.3.11.5.2.8.9;7;Fazer içamento do segmento e fazer pré-montagem no tambor da roda elevadora va Tarefa>;;100;100
13485;810;1.3.11.5.2.8.10;7;Montar Parafusos de Fixação e Torquear (Verificar Folga de 0,3 mm entre o Segmento Novo e Antigo);;100;100
13486;811;1.3.11.5.2.8.11;7;Verificar Folga entre o Assentamento do Segmento e Tambor da Roda Fixa (0,0 a 0,2 mm);;100;100
13487;812;1.3.11.5.2.8.12;7;Abertura dos furos (LD e LE);;100;100
13488;813;1.3.11.5.2.8.12.1;8;Montar dispositivo e Reabrir 1° furo  ;;100;100
13489;814;1.3.11.5.2.8.12.2;8;Montar dispositivo e Reabrir 2° furo  ;;100;100
13490;815;1.3.11.5.2.8.12.3;8;Montar dispositivo e Reabrir 3° furo  ;;100;100
13491;816;1.3.11.5.2.8.12.4;8;Limpeza das limalhas e do segmento dentado;;100;100
13492;817;1.3.11.5.2.8.13;7;Montagem das buchas elasticas e torque dos parafusos;;100;100
13493;818;1.3.11.5.2.8.13.1;8;Montagem da 1° bucha elastica = montar dispositivo, Montar bucha, montar parafuso de fixação e torquear;;100;100
13494;819;1.3.11.5.2.8.13.2;8;Montagem da 2° bucha elastica = montar dispositivo, Montar bucha, montar parafuso de fixação e torquear;;100;100
13495;820;1.3.11.5.2.8.13.3;8;Montagem da 3° bucha elastica = montar dispositivo, Montar bucha, montar parafuso de fixação e torquear;;100;100
13496;821;1.3.11.5.2.8.13.4;8;Desbloqueiar e retirar Dispositivo de bloqueio mecanico para Travamento da Roda;;100;100
13497;822;1.3.11.5.2.8.13.5;8;Solicitar operador para desbloqueio chave A3, girar e posicionar a roda elevadora para proximo segmento;;100;100
13498;823;1.3.11.5.2.8.13.6;8;Bloqueio chave A3;;100;100
13499;824;1.3.11.5.2.9;6; Substituição do 7º Segmento de 2 Dentes (LD e LE);;100;100
13500;825;1.3.11.5.2.9.1;7;Montar Dispositivo de bloqueio mecanico para Travamento da Roda e bloquear conforme procedimento Pro xxx;;100;100
13501;826;1.3.11.5.2.9.2;7;Posicionar Talha Elétrica e Montar Dispositivo para Remoção do Segmento Dentado ;;100;100
13502;827;1.3.11.5.2.9.3;7;Verificar o GAP 0,3 mm Antes da Desmontagem do Segmento Existente;;100;100
13503;828;1.3.11.5.2.9.4;7;Cortar e Retirar Parafusos Guias e de Fixação;;100;100
13504;829;1.3.11.5.2.9.5;7;Montar Dispositivo e sacar as 03 Buchas Elásticas;;100;100
13505;830;1.3.11.5.2.9.6;7;Retirar Segmentos e Transportar para o Local de Descarte;;100;100
13506;831;1.3.11.5.2.9.7;7;Executar limpeza mecanica  na roda para montagem do novo segmento;;100;100
13507;832;1.3.11.5.2.9.8;7;Preparação para içamento do segmento;;100;100
13508;833;1.3.11.5.2.9.9;7;Fazer içamento do segmento e fazer pré-montagem no tambor da roda elevadora va Tarefa>;;100;100
13509;834;1.3.11.5.2.9.10;7;Montar Parafusos de Fixação e Torquear (Verificar Folga de 0,3 mm entre o Segmento Novo e Antigo);;100;100
13510;835;1.3.11.5.2.9.11;7;Verificar Folga entre o Assentamento do Segmento e Tambor da Roda Fixa (0,0 a 0,2 mm);;100;100
13511;836;1.3.11.5.2.9.12;7;Abertura dos furos (LD e LE);;100;100
13512;837;1.3.11.5.2.9.12.1;8;Montar dispositivo e Reabrir 1° furo  ;;100;100
13513;838;1.3.11.5.2.9.12.2;8;Montar dispositivo e Reabrir 2° furo  ;;100;100
13514;839;1.3.11.5.2.9.12.3;8;Montar dispositivo e Reabrir 3° furo  ;;100;100
13515;840;1.3.11.5.2.9.12.4;8;Limpeza das limalhas e do segmento dentado;;100;100
13516;841;1.3.11.5.2.9.13;7;Montagem das buchas elasticas e torque dos parafusos;;100;100
13517;842;1.3.11.5.2.9.13.1;8;Montagem da 1° bucha elastica = montar dispositivo, Montar bucha, montar parafuso de fixação e torquear;;100;100
13518;843;1.3.11.5.2.9.13.2;8;Montagem da 2° bucha elastica = montar dispositivo, Montar bucha, montar parafuso de fixação e torquear;;100;100
13519;844;1.3.11.5.2.9.13.3;8;Montagem da 3° bucha elastica = montar dispositivo, Montar bucha, montar parafuso de fixação e torquear;;100;100
13520;845;1.3.11.5.2.9.13.4;8;Desbloqueiar e retirar Dispositivo de bloqueio mecanico para Travamento da Roda;;100;100
13521;846;1.3.11.5.2.9.13.5;8;Solicitar operador para desbloqueio chave A3, girar e posicionar a roda elevadora para proximo segmento;;100;100
13522;847;1.3.11.5.2.9.13.6;8;Bloqueio chave A3;;100;100
13523;848;1.3.11.5.3;5;Substituição dos Trilhos Curvos;;90;90
13524;849;1.3.11.5.3.1;6;Desmontagem;;100;100
13531;850;1.3.11.5.3.1.1;7; Desmontagem da estrutura e dos Trilhos Curvos externos parte central até o trilho ferroviário LD/LE;;100;100
13532;851;1.3.11.5.3.1.1.1;8;Desmontagem da estrutura e dos trilhos curvos forjados central até o trilho ferroviário;;100;100
13533;852;1.3.11.5.3.1.1.2;8;Esmerilhamento dos suportes;;100;100
13534;853;1.3.11.5.3.1.1.3;8;Verificação com liquido penetrante de trincas dos suportes;;100;100
13535;854;1.3.11.5.3.1.2;7; Desmontagem da estrutura e dos Trilhos Curvos internos LD/LE;;100;100
13536;855;1.3.11.5.3.1.2.1;8;Desmontagem da estrutura e dos trilhos curvos forjados central e inferior;;100;100
13537;856;1.3.11.5.3.1.2.2;8;Esmerilhamento dos suportes;;100;100
13538;857;1.3.11.5.3.1.2.3;8;Verificação com liquido penetrante de trincas dos suportes;;100;100
13539;858;1.3.11.5.3.2;6; Montagem trilho interno;;100;100
13540;859;1.3.11.5.3.2.1;7; Montagem LD;;100;100
13541;860;1.3.11.5.3.2.1.1;8;Transportar e posicionar de  trilho ate local de montagem;;100;100
13542;861;1.3.11.5.3.2.1.2;8;Pré-montagem conjunto do trilho curvo forjado parte central e inferior ;;100;100
13543;862;1.3.11.5.3.2.1.3;8;Pré-montagem trilho reto forjado sob a comporta (ate complemento com ferroviario superior);;100;100
13544;863;1.3.11.5.3.2.2;7; Montagem  LE;;100;100
13545;864;1.3.11.5.3.2.2.1;8;Transportar e posicionar de  trilho ate local de montagem;;100;100
13546;865;1.3.11.5.3.2.2.2;8;Montagem conjunto do trilho reto forjado parte central e inferior ;;100;100
13547;866;1.3.11.5.3.2.2.3;8;Montagem trilho reto forjado sob a comporta (ate complemento com ferroviario superior);;100;100
13548;867;1.3.11.5.3.3;6; Montagem trilho externo;;100;100
13549;868;1.3.11.5.3.3.1;7; Montagem LD / LE;;100;100
13550;869;1.3.11.5.3.3.1.1;8;Pré-montagem conjunto do trilho curvo forjado parte central e inferior LD ;;100;100
13551;870;1.3.11.5.3.3.1.2;8;Pré-montagem conjunto do trilho curvo forjado parte central e inferior LE;;100;100
13552;871;1.3.11.5.3.3.2;7; Montagem da comporta e complemento do trilho reto forjado LE / LD;;100;100
13553;872;1.3.11.5.3.3.2.1;8;Transportar e posicionar o conjunto do trilho reto de complemento da comporta LD / LE ;;100;100
13554;873;1.3.11.5.3.3.2.2;8;Montagem conjunto do trilho reto forjado de complemneto da comporta LD / LE;;100;100
13555;874;1.3.11.5.3.4;6;Ajustes do diametro primitivo do trilho interno e externo LD/LE;;100;100
13556;875;1.3.11.5.3.4.1;7;Diametro primitivo parte inferior na posição de 180º;;100;100
13557;876;1.3.11.5.3.4.1.1;8;Retirar bloqueio da chave A3;;100;100
13558;877;1.3.11.5.3.4.1.2;8;Girar a roda e posicionar segmento dentado na posição inferior  para ajuste do diametro primitivo;;100;100
13559;878;1.3.11.5.3.4.1.3;8;Bloqueio chave A3;;100;100
13560;879;1.3.11.5.3.4.1.4;8;Fazer ajuste do diametro primitivo do trilho ;;100;100
13561;880;1.3.11.5.3.4.1.5;8;Torqueamento dos parafusos de fixação;;100;100
13562;881;1.3.11.5.3.4.1.6;8;Solicitar operador e retirar bloqueio chave A3;;100;100
13563;882;1.3.11.5.3.4.2;7;Diametro primitivo parte central na posição de 90º;;100;100
13564;883;1.3.11.5.3.4.2.1;8;Girar a roda e posicionar segmento dentado na posição central  para ajuste do diametro primitivo;;100;100
13565;884;1.3.11.5.3.4.2.2;8;Bloqueio chave A3;;100;100
13566;885;1.3.11.5.3.4.2.3;8;Fazer ajuste do diametro primitivo do trilho ;;100;100
13567;886;1.3.11.5.3.4.2.4;8;Torqueamento dos parafusos de fixação;;100;100
13568;887;1.3.11.5.3.4.2.5;8;Solicitar operador e retirar bloqueio chave A3;;100;100
13569;888;1.3.11.5.3.4.3;7;Diametro primitivo parte superior na posição de 0º;;100;100
13570;889;1.3.11.5.3.4.3.1;8;Girar a roda e posicionar segmento dentado na posição superior  para ajuste do diametro primitivo;;100;100
13571;890;1.3.11.5.3.4.3.2;8;Bloqueio chave A3;;100;100
13572;891;1.3.11.5.3.4.3.3;8;Fazer ajuste do diametro primitivo do trilho ;;100;100
13573;892;1.3.11.5.3.4.3.4;8;Torqueamento dos parafusos de fixação;;100;100
13574;893;1.3.11.5.3.4.3.5;8;Solicitar operador e retirar bloqueio chave A3;;100;100
13575;894;1.3.11.5.3.4.3.6;8;Girar a roda e posicionar para montagem da proteção do tambor (carambola);;100;100
13576;895;1.3.11.5.3.4.3.7;8;Bloquear chave A3;;100;100
13577;896;1.3.11.5.3.4.3.8;8;Bloquear dispositivo mecanico (entre o segmento dentado) para evitar giro da roda elevadora;;100;100
13578;897;1.3.11.5.3.5;6;Montagem da Carambola;;80;80
13579;898;1.3.11.5.3.5.1;7;1° Carambola;;100;100
13580;899;1.3.11.5.3.5.1.1;8;Transportar carambola para local de montagem;;100;100
13581;900;1.3.11.5.3.5.1.2;8;Posicionar e  montar (parafusar) proteção do tambor (carambola) ;;100;100
13582;901;1.3.11.5.3.5.1.3;8;Pontear a estrutura da proteção na chapa fixa do tambor;;100;100
13583;902;1.3.11.5.3.5.1.4;8;Retirar bloqueio do dispositivo mecanico (entre o segmento dentado) para evitar giro da roda elevadora;;100;100
13584;903;1.3.11.5.3.5.1.5;8;Desbloquear chave A3;;100;100
13585;904;1.3.11.5.3.5.1.6;8;Solicitar operação para posicionar roda dentada para montagem da proteção do tambor (carambola);;100;100
13586;905;1.3.11.5.3.5.1.7;8;Bloquear chave A3;;100;100
13587;906;1.3.11.5.3.5.1.8;8;Bloquear dispositivo mecanico (entre o segmento dentado) para evitar giro da roda elevadora;;100;100
13588;907;1.3.11.5.3.5.2;7;2° Carambola;;100;100
13589;908;1.3.11.5.3.5.2.1;8;Transportar carambola para local de montagem;;100;100
13590;909;1.3.11.5.3.5.2.2;8;Posicionar e  montar (parafusar) proteção do tambor (carambola) ;;100;100
13591;910;1.3.11.5.3.5.2.3;8;Pontear a estrutura da proteção na chapa fixa do tambor;;100;100
13592;911;1.3.11.5.3.5.2.4;8;Retirar bloqueio do dispositivo mecanico (entre o segmento dentado) para evitar giro da roda elevadora;;100;100
13593;912;1.3.11.5.3.5.2.5;8;Desbloquear chave A3;;100;100
13594;913;1.3.11.5.3.5.2.6;8;Solicitar operação para posicionar roda dentada para montagem da proteção do tambor (carambola);;100;100
13595;914;1.3.11.5.3.5.2.7;8;Bloquear chave A3;;100;100
13596;915;1.3.11.5.3.5.2.8;8;Bloquear dispositivo mecanico (entre o segmento dentado) para evitar giro da roda elevadora;;100;100
13597;916;1.3.11.5.3.5.3;7;3° Carambola;;100;100
13598;917;1.3.11.5.3.5.3.1;8;Transportar carambola para local de montagem;;100;100
13599;918;1.3.11.5.3.5.3.2;8;Posicionar e  montar (parafusar) proteção do tambor (carambola) ;;100;100
13600;919;1.3.11.5.3.5.3.3;8;Pontear a estrutura da proteção na chapa fixa do tambor;;100;100
13601;920;1.3.11.5.3.5.3.4;8;Retirar bloqueio do dispositivo mecanico (entre o segmento dentado) para evitar giro da roda elevadora;;100;100
13602;921;1.3.11.5.3.5.3.5;8;Desbloquear chave A3;;100;100
13603;922;1.3.11.5.3.5.3.6;8;Solicitar operação para posicionar roda dentada para montagem da proteção do tambor (carambola);;100;100
13604;923;1.3.11.5.3.5.3.7;8;Bloquear chave A3;;100;100
13605;924;1.3.11.5.3.5.3.8;8;Bloquear dispositivo mecanico (entre o segmento dentado) para evitar giro da roda elevadora;;100;100
13606;925;1.3.11.5.3.5.4;7;4° Carambola;;100;100
13607;926;1.3.11.5.3.5.4.1;8;Transportar carambola para local de montagem;;100;100
13608;927;1.3.11.5.3.5.4.2;8;Posicionar e  montar (parafusar) proteção do tambor (carambola) ;;100;100
13609;928;1.3.11.5.3.5.4.3;8;Montagem da vedação do chute carambola;;100;100
13610;929;1.3.11.5.3.5.4.4;8;Desbloquear chave A3;;100;100
13611;930;1.3.11.5.3.5.4.5;8;Solicitar operação para posicionar roda dentada para montagem da proteção do tambor (carambola);;100;100
13612;931;1.3.11.5.3.5.4.6;8;Bloquear chave A3;;100;100
13613;932;1.3.11.5.3.5.5;7;Montagem da vedação do chute da terceira carambola;;100;100
13614;933;1.3.11.5.3.5.5.1;8;Montagem da vedação do chute carambola;;100;100
13615;934;1.3.11.5.3.5.5.2;8;Desbloquear chave A3;;100;100
13616;935;1.3.11.5.3.5.5.3;8;Solicitar operação para posicionar roda dentada para montagem da proteção do tambor (carambola);;100;100
13617;936;1.3.11.5.3.5.5.4;8;Bloquear chave A3;;100;100
13618;937;1.3.11.5.3.5.6;7;Montagem da vedação do chute da segunda carambola;;69;69
13619;938;1.3.11.5.3.5.6.1;8;Montagem da vedação do chute carambola;;66;66
13620;939;1.3.11.5.3.5.6.2;8;Desbloquear chave A3;;0;0
13621;940;1.3.11.5.3.5.6.3;8;Solicitar operação para posicionar roda dentada para montagem da proteção do tambor (carambola);;0;0
13622;941;1.3.11.5.3.5.6.4;8;Bloquear chave A3;;0;0
13623;942;1.3.11.5.3.5.7;7;Montagem da vedação do chute da primeira carambola;;0;0
13624;943;1.3.11.5.3.5.7.1;8;Montagem da vedação do chute carambola;;0;0
13625;944;1.3.11.5.3.5.7.2;8;Desbloquear chave A3;;0;0
13626;945;1.3.11.5.3.5.7.3;8;Bloquear chave A3;;0;0
13627;946;1.3.11.5.3.6;6;Desmontagem da monovia e Andaimes na região da roda de levantamento;;0;0
13628;947;1.3.11.5.3.6.1;7;Montagem de andaimes p/ desmontar a monovia;;0;0
13629;948;1.3.11.5.3.6.2;7;Desmontagem da monovia LE / LD;;0;0
13630;949;1.3.11.5.3.6.3;7;Desmontagem de andaimes;;0;0
13631;950;1.3.11.5.3.7;6;Montagem da chapa do painel frontal da roda de levantamento;;25;25
13632;951;1.3.11.5.3.7.1;7;Montagem de andaimes;;83;83
13633;952;1.3.11.5.3.7.2;7;Montagem dos paineis frontal;;0;0
13634;953;1.3.11.5.3.7.3;7;Desmontagem de andaimes;;0;0
13635;954;1.3.11.6;4;Manutenção Região do Levantamento AH1;;0;0
14165;955;1.3.11.7;4;IE - Forno;;99;99
13838;956;1.3.11.7.1;5;IE - RECUPERAÇÃO ESTRUTURAL AH222SI ( ABAIXAMENTO );FORNO/ABAIXAMENTO;100;100
13839;957;1.3.11.7.1.1;6;BLOQUEIO;;100;100
13840;958;1.3.11.7.1.2;6;MONTAGEM DE ANDAIME;;100;100
13841;959;1.3.11.7.1.3;6;POSICIONAMENTO DE LUMINARIAS;;100;100
13842;960;1.3.11.7.1.4;6;DESMONTAGEM DE RAC07;;100;100
13843;961;1.3.11.7.1.5;6;RECUPERAÇÃO METÁLICA;;100;100
13844;962;1.3.11.7.1.6;6;MONTAGEM DE RAC 07;;100;100
13845;963;1.3.11.7.1.7;6;DESMONTAGEM DE ANDAIME;;100;100
13846;964;1.3.11.7.1.8;6;RETIRADA DE BLOQUEIO;;100;100
13851;965;1.3.11.7.2;5;IE - TRATAMENTO ANTICORROSIVO AH222SI ( ABAIXAMENTO );FORNO/ABAIXAMENTO;100;100
13852;966;1.3.11.7.2.1;6;BLOQUEIO;;100;100
13853;967;1.3.11.7.2.2;6;LIMPEZA;;100;100
13854;968;1.3.11.7.2.3;6;MOBILIZAÇÃO;;100;100
13855;969;1.3.11.7.2.4;6;ISOLAMENTO DE BANDEJAMENTOS ELÉTRICOS, SENSORES E ACESSÓRIOS ELETRONICOS;;100;100
13856;970;1.3.11.7.2.5;6;TRATAMENTO ANTICORROSIVO;;100;100
13857;971;1.3.11.7.2.6;6;RETIRADA DE BLOQUEIO;;100;100
13861;972;1.3.11.7.3;5;IE - RECUPERAÇÃO LAJES US1-FORNO 1;FORNO;99;99
13862;973;1.3.11.7.3.1;6;MOBILIZAÇÃO;;100;100
13863;974;1.3.11.7.3.2;6;BLOQUEIO;;100;100
13864;975;1.3.11.7.3.3;6;MONTAGEM DE ANDAIME;;98;98
13865;976;1.3.11.7.3.4;6;RETIRADA DE BLOQUEIO;;0;0
14164;977;1.3.11.8;4;Manutenção PQ - Forno;;96;96
698;978;1.3.11.9;4;Região Superior do Meio do Forno Disponível para Manutenção;;100;100
13081;979;1.3.11.10;4;Região Inferior do Meio do Forno Disponível para Manutenção;;100;100
696;980;1.3.11.11;4;Estação de Levantamento Disponível para Manutenção;;100;100
695;981;1.3.11.12;4;Estação de Abaixamento Disponível para Manutenção;;100;100
688;982;1.3.12;3;Manutenção do Forno Concluída;;0;0
710;983;1.3.13;3;Ventiladores;;100;100
14166;984;1.3.13.1;4;IE - Ventiladores;;100;100
13869;985;1.3.13.1.1;5;IE - SUBSTITUIR SUPORTE DO DUTO AH34VT;VENTILADORES;100;100
13870;986;1.3.13.1.1.1;6;BLOQUEIO;;100;100
13871;987;1.3.13.1.1.2;6;MONTAGEM DE ANDAIME;;100;100
13872;988;1.3.13.1.1.3;6;POSICIONAMENTO DE LUMINARIAS;;100;100
13873;989;1.3.13.1.1.4;6;DESMONTAGEM DE RAC07;;100;100
13874;990;1.3.13.1.1.5;6;RECUPERAÇÃO METÁLICA;;100;100
13875;991;1.3.13.1.1.6;6;MONTAGEM DE RAC 07;;100;100
13876;992;1.3.13.1.1.7;6;DESMONTAGEM DE ANDAIME;;100;100
13877;993;1.3.13.1.1.8;6;RETIRADA DE BLOQUEIO;;100;100
13917;994;1.3.13.1.2;5;IE - RECUPERAÇÃO ESTRUTURAL SUP DUTO AH215 ( AH33 );VENTILADORES AH33;100;100
13918;995;1.3.13.1.2.1;6;BLOQUEIO;;100;100
13919;996;1.3.13.1.2.2;6;LIMPEZA;;100;100
13920;997;1.3.13.1.2.3;6;MONTAGEM DE ANDAIME;;100;100
13921;998;1.3.13.1.2.4;6;POSICIONAMENTO DE LUMINARIAS;;100;100
13922;999;1.3.13.1.2.5;6;DESMONTAGEM DE RAC07;;100;100
13923;1000;1.3.13.1.2.6;6;RECUPERAÇÃO METÁLICA;;100;100
13924;1001;1.3.13.1.2.7;6;MONTAGEM DE RAC 07;;100;100
13925;1002;1.3.13.1.2.8;6;DESMONTAGEM DE ANDAIME;;100;100
13926;1003;1.3.13.1.2.9;6;RETIRADA DE BLOQUEIO;;100;100
706;1004;1.3.13.2;4;AR81 Disponível para Manutenção;;100;100
713;1005;1.3.13.3;4;AH47 Disponível para Manutenção;;100;100
711;1006;1.3.13.4;4;AH 93 e AH94 Disponível para Manutenção;;100;100
719;1007;1.3.13.5;4;AH33 Disponível para Manutenção;;100;100
715;1008;1.3.13.6;4;AH34 Disponível para Manutenção;;100;100
708;1009;1.3.13.7;4;AH30 Disponível para Manutenção;;100;100
705;1010;1.3.14;3;Manutenção dos Ventiladores Concluída;;100;100
725;1011;1.3.15;3;Precipitadores;;100;100
13651;1012;1.3.15.1;4;Precipitador AR1;;100;100
13652;1013;1.3.15.1.1;5;Chaparia da Carcaça, Tremonha, Teto, Funil de entrada e saída e Estruturas internas;;100;100
13654;1014;1.3.15.1.1.1;6;Montar Andaime Interno;;100;100
13655;1015;1.3.15.1.1.2;6;"Abrir janelas de visita permanente no cortinado de distribuição de gases para acesso ao duto de entrada;";;100;100
13656;1016;1.3.15.1.1.3;6;"Abrir janelas de visita permanente no cortinado de distribuição de gases para acesso ao duto de saída;";;100;100
13657;1017;1.3.15.1.1.4;6;Trocar seção da chaparia do precipitador;;100;100
13658;1018;1.3.15.1.1.5;6;Trocar contraventamentos internos;;100;100
13659;1019;1.3.15.1.1.6;6;Reparo de caldeiraria das Defletoras de Gases no Duto de Entrada;;100;100
13660;1020;1.3.15.1.1.7;6;Reparo de caldeiraria das Defletoras de Gases no Duto de Saída;;100;100
13661;1021;1.3.15.1.1.8;6;"Instalar escadas de 5m x 05m para acesso ao duto de entrada;";;100;100
13662;1022;1.3.15.1.1.9;6;"Instalar escadas de 5m x 05m para acesso ao duto de saída;";;100;100
13663;1023;1.3.15.1.1.10;6;Reparo nas janelas internas.;;100;100
13664;1024;1.3.15.1.1.11;6;Fazer Reparo de Caldeiraria em duto de Despoeiramento;;100;100
13665;1025;1.3.15.1.1.12;6;Dar manutenção nas portas de visita;;100;100
13666;1026;1.3.15.1.1.13;6;Desmontagem de andaime interno;;100;100
13667;1027;1.3.15.1.1.14;6;Limpeza e fechamento das portas;;100;100
13668;1028;1.3.15.1.1.15;6;Desbloqueio AR1;;100;100
13669;1029;1.3.15.2;4;Precipitador AR40;;100;100
13670;1030;1.3.15.2.1;5;Chaparia da Carcaça, Tremonha, Teto, Funil de entrada e saída e Estruturas internas;;100;100
13673;1031;1.3.15.2.1.1;6;Montar Andaime Interno;;100;100
13674;1032;1.3.15.2.1.2;6;A troca completa da defletora de gás no funil de entrada;;100;100
13675;1033;1.3.15.2.1.3;6;Trocar seção da chaparia do precipitador;;100;100
13676;1034;1.3.15.2.1.4;6;"Abrir janelas de visita permanente no cortinado de distribuição de gases para acesso ao duto de saída;";;100;100
13677;1035;1.3.15.2.1.5;6;Fazer reparo de caldeiraria em duto de despoeiramento;;100;100
13678;1036;1.3.15.2.1.6;6;Instalar escadas de 5m x 05m para acesso ao duto de entrada;;100;100
13679;1037;1.3.15.2.1.7;6;"Abrir janelas de visita permanente no cortinado de distribuição de gases para acesso ao duto de entrada;";;100;100
13680;1038;1.3.15.2.1.8;6;"Instalar escadas de 5m x 05m para acesso ao duto de saída;";;100;100
13681;1039;1.3.15.2.1.9;6;Dar manutenção nas portas de visita;;100;100
13682;1040;1.3.15.2.1.10;6;Desmontagem de andaime interno;;100;100
13683;1041;1.3.15.2.1.11;6;Limpeza e fechamento das portas;;100;100
13684;1042;1.3.15.2.1.12;6;Desbloqueio AR40;;100;100
722;1043;1.3.15.3;4;Manutenção dos Precipitadores Concluída;;100;100
723;1044;1.3.15.4;4;AR80 Disponível para Manutenção;;100;100
727;1045;1.3.15.5;4;AR1 Disponível para Manutenção;;100;100
724;1046;1.3.15.6;4;AR40 Disponível para Manutenção;;100;100
721;1047;1.3.16;3;Peneiramento;;100;100
14167;1048;1.3.16.1;4;IE - Peneiramento;;100;100
13686;1049;1.3.16.1.1;5;IE - RECUPERAÇÃO ESTRUTURAL AH17TC;PENEIRAMENTO/EMERGENCIA;100;100
13687;1050;1.3.16.1.1.1;6;BLOQUEIO;;100;100
13688;1051;1.3.16.1.1.2;6;MONTAGEM DE ANDAIME;;100;100
13689;1052;1.3.16.1.1.3;6;POSICIONAMENTO DE LUMINARIAS;;100;100
13690;1053;1.3.16.1.1.4;6;DESMONTAGEM DE RAC07;;100;100
13691;1054;1.3.16.1.1.5;6;RECUPERAÇÃO METÁLICA;;100;100
13692;1055;1.3.16.1.1.6;6;MONTAGEM DE RAC 07;;100;100
13693;1056;1.3.16.1.1.7;6;DESMONTAGEM DE ANDAIME;;100;100
13694;1057;1.3.16.1.1.8;6;RETIRADA DE BLOQUEIO;;100;100
13699;1058;1.3.16.1.2;5;IE - TRAT ANTICORROSIVO TRANSPORT AH105TC;PENEIRAMENTO/EMERGENCIA;100;100
13700;1059;1.3.16.1.2.1;6;BLOQUEIO;;100;100
13701;1060;1.3.16.1.2.2;6;MOBILIZAÇÃO;;100;100
13702;1061;1.3.16.1.2.3;6;DESMONTAGEM DE RAC07;;100;100
13703;1062;1.3.16.1.2.4;6;LIMPEZA;;100;100
13704;1063;1.3.16.1.2.5;6;ISOLAMENTO DE BANDEJAMENTOS ELÉTRICOS, SENSORES E ACESSÓRIOS ELETRONICOS;;100;100
13705;1064;1.3.16.1.2.6;6;TRATAMENTO ANTICORROSIVO;;100;100
13706;1065;1.3.16.1.2.7;6;MONTAGEM DE RAC 07;;100;100
13707;1066;1.3.16.1.2.8;6;RETIRADA DE BLOQUEIO;;100;100
13712;1067;1.3.16.1.3;5;IE - TRATAMENTO ANTICORROSIVO AH20TC;PENEIRAMENTO/EMERGENCIA;100;100
13713;1068;1.3.16.1.3.1;6;BLOQUEIO;;100;100
13714;1069;1.3.16.1.3.2;6;MOBILIZAÇÃO;;100;100
13715;1070;1.3.16.1.3.3;6;DESMONTAGEM DE RAC07;;100;100
13716;1071;1.3.16.1.3.4;6;ISOLAMENTO DE BANDEJAMENTOS ELÉTRICOS, SENSORES E ACESSÓRIOS ELETRONICOS;;100;100
13717;1072;1.3.16.1.3.5;6;TRATAMENTO ANTICORROSIVO;;100;100
13718;1073;1.3.16.1.3.6;6;MONTAGEM DE RAC 07;;100;100
13719;1074;1.3.16.1.3.7;6;RETIRADA DE BLOQUEIO;;100;100
4321;1075;1.3.16.2;4;Circuito da Emergência Disponível para Manutenção;;100;100
13029;1076;1.3.16.3;4;"BH128; BH129; BH130 Disponível para Manutenção (Finos de PQ)";;100;100
13027;1077;1.3.16.4;4;Peneira AH13PV Diponível para Manutenção;;100;100
729;1078;1.3.17;3;Manutenção do Peneiramento Concluída;;100;100
728;1079;1.3.18;3;Pátio de Briquete;;100;100
14168;1080;1.3.18.1;4;IE - Peneiramento;;100;100
13904;1081;1.3.18.1.1;5;IE - SUBSTITUIR PERFIL CHUTE BV3TC_ZM;PÁTIO DE BRIQUETE;100;100
13905;1082;1.3.18.1.1.1;6;BLOQUEIO;;100;100
13906;1083;1.3.18.1.1.2;6;LIMPEZA;;100;100
13907;1084;1.3.18.1.1.3;6;MONTAGEM DE ANDAIME;;100;100
13908;1085;1.3.18.1.1.4;6;POSICIONAMENTO DE LUMINARIAS;;100;100
13909;1086;1.3.18.1.1.5;6;DESMONTAGEM DE RAC07;;100;100
13910;1087;1.3.18.1.1.6;6;RECUPERAÇÃO METÁLICA;;100;100
13911;1088;1.3.18.1.1.7;6;MONTAGEM DE RAC 07;;100;100
13912;1089;1.3.18.1.1.8;6;DESMONTAGEM DE ANDAIME;;100;100
13913;1090;1.3.18.1.1.9;6;RETIRADA DE BLOQUEIO;;100;100
13944;1091;1.3.18.1.2;5;IE - COLUNAS DESCARGA 1T0_1TC_ZM;PÁTIO DE PELOTAS;100;100
13945;1092;1.3.18.1.2.1;6;BLOQUEIO;;100;100
13946;1093;1.3.18.1.2.2;6;POSICIONAMENTO DE LUMINARIAS;;100;100
13947;1094;1.3.18.1.2.3;6;DESMONTAGEM DE RAC07;;100;100
13948;1095;1.3.18.1.2.4;6;ELÉTRICA;;100;100
13949;1096;1.3.18.1.2.5;6;RECUPERAÇÃO METÁLICA;;100;100
13950;1097;1.3.18.1.2.6;6;MONTAGEM DE RAC 07;;100;100
13951;1098;1.3.18.1.2.7;6;RETIRADA DE BLOQUEIO;;100;100
740;1099;1.3.18.2;4;Pátio de Pelotas Disponível para Manutenção;;100;100
734;1100;1.3.19;3;Manutenção do Pátio de Briquete Concluída;;100;100
514;1101;1.4;2;Procedimentos de Partida;;58;58
513;1102;1.4.1;3;Pátio de Alimentação;;100;100
25;1103;1.4.1.1;4;Retirar Bloqueio Elétrico do Pátio de Finos;;100;100
7776;1104;1.4.1.2;4;Realizar Calibração de Equipamentos;;100;100
26;1105;1.4.1.3;4;Realizar Teste Operacional do Pátio de Finos;;100;100
43;1106;1.4.1.4;4;Encher Silo 1SM2SI;;100;100
27;1107;1.4.2;3;Pátio de Alimentação Disponível para Produção;;100;100
7787;1108;1.4.3;3;Torre de Refriamento;;100;100
13103;1109;1.4.3.1;4;Retirar Bloqueio da Torre TR301TR (Forno / Ventiladores);;100;100
13120;1110;1.4.3.2;4;Remover Mangotes de Água da Alimentação do Supervisório do CCO 1 e 4;;100;100
13105;1111;1.4.3.3;4;Encher Torre TR301TR (Forno / Ventiladores);;100;100
7786;1112;1.4.4;3;Torre de Refriamento Disponível para Produção;;100;100
512;1113;1.4.5;3;Secagem;;0;0
41;1114;1.4.5.1;4;Retirar Bloqueio Elétrico da Secagem;;0;0
13082;1115;1.4.5.2;4;Realizar Testes Operacionais nos Filtros de Manga;;0;0
13083;1116;1.4.5.3;4;Realizar Testes Operacionais nos Queimadores (GGQ);;0;0
816;1117;1.4.6;3;Secagem Disponível para Produção;;0;0
508;1118;1.4.7;3;Mistura;;100;100
176;1119;1.4.7.1;4;Retirar Bloqueio Elétrico da Mistura;;100;100
7792;1120;1.4.7.2;4;Realizar Calibração das Balanças da Mistura;;100;100
175;1121;1.4.7.3;4;Realizar Teste Operacional da Mistura;;100;100
811;1122;1.4.8;3;Mistura Disponível para Produção;;100;100
507;1123;1.4.9;3;Briquetagem;;90;90
196;1124;1.4.9.1;4;Retirar Bloqueio Elétrico da Briquetagem;;100;100
13113;1125;1.4.9.2;4;Conferir Alinhamento dos Rolos ;;100;100
13114;1126;1.4.9.3;4;Calibrar GAP dos Rolos de Briquetagem;;75;75
13031;1127;1.4.9.4;4;Realizar Zero dos Silos AG100SI / AG101SI / AG102SI;;100;100
7793;1128;1.4.9.5;4;"Realizar Calibração das Balanças das Briquetadoras (AG70BD; AG73BD; AG76BD)";;100;100
13121;1129;1.4.9.6;4;Realizar Calibração do Circuito de Produção (AG31 e AG35);;100;100
195;1130;1.4.9.7;4;Teste Operacional da Briquetagem em Vazio;;100;100
810;1131;1.4.10;3;Briquetagem Disponível para Produção;;0;0
506;1132;1.4.11;3;Forno;;0;0
783;1133;1.4.11.1;4;Retirar Bloqueios do Forno;;0;0
781;1134;1.4.11.2;4;Recolocar Carros de Grelha na Região Superior (58 Carros);;0;0
13127;1135;1.4.11.3;4;Recolocar Carros de Grelha na Região Inferior (71);;0;0
741;1136;1.4.11.4;4;Reposicionar Proteções Laterais / Corrimão ao Longo do Forno e Baixar Selagens Superiores (Selagem Móvel);;0;0
742;1137;1.4.11.5;4;Rodar Circuito da Grelha Vazia (1 Voltas) - Realizar Forces Necessários para a Atividade;;0;0
13123;1138;1.4.12;3;Grelha Disponível para Produção;;0;0
13115;1139;1.4.13;3;Retorno da Produção;;0;0
13122;1140;1.4.13.1;4;"Retornar Produção da Mistura (BV100SI; BV101SI; AZ101SI; AZ102SI)";;0;0
194;1141;1.4.13.2;4;Encher Silos AG100SI / AG101SI / AG102SI e Retornar a Produção de Briquete para Encher a Grelha;;0;0
243;1142;1.4.13.3;4;Preencher a Grelha para Iniciar Aquecimento (2 briquetadeiras e circuito da emergência disponível);;0;0
13129;1143;1.4.13.4;4;Realizar Procedimento para Retorno da NR20 na Região do Forno;;0;0
7777;1144;1.4.13.5;4;Ligar Queimador (GGQ) e Realizar Aquecimento do Secador;;0;0
44;1145;1.4.13.6;4;Retornar Produção do Secador;;0;0
747;1146;1.4.13.7;4;Realizar Aquecimento até 490 °C;;0;0
13116;1147;1.4.14;3;Retorno da Produção de Briquete;;0;0
505;1148;1.4.15;3;Ventiladores;;73;73
524;1149;1.4.15.1;4;AH33 - Queima para Secagem Descendente;;100;100
299;1150;1.4.15.1.1;5;Retirar Bloqueio do AH33;;100;100
7796;1151;1.4.15.1.2;5;Realizar Teste de Lubrificação AH33;;100;100
13033;1152;1.4.15.1.3;5;Realizar Calibração dos Dampers AH33;;100;100
798;1153;1.4.15.2;4;AH33 Disponível para Teste;;100;100
525;1154;1.4.15.3;4;AH30 - Resfriamento;;100;100
275;1155;1.4.15.3.1;5;Retirar Bloqueio do AH30;;100;100
7794;1156;1.4.15.3.2;5;Realizar Teste de Lubrificação AH30;;100;100
13044;1157;1.4.15.3.3;5;Realizar Calibração dos Dampers AH30;;100;100
797;1158;1.4.15.4;4;AH30 Disponível para Teste;;100;100
520;1159;1.4.15.5;4;AH93 e AH94 - Atomizadores;;100;100
317;1160;1.4.15.5.1;5;Retirar Bloqueio AH93 e AH94;;100;100
7798;1161;1.4.15.5.2;5;Realizar Teste de Lubrificação AH93 e AH94;;100;100
13048;1162;1.4.15.5.3;5;Realizar Calibração dos Dampers AH93 e AH94;;100;100
803;1163;1.4.15.6;4;AH93 e AH94 Disponíveis para Teste;;100;100
519;1164;1.4.15.7;4;AR81 - Ambiental;;100;100
328;1165;1.4.15.7.1;5;Retirar Bloqueio AR81;;100;100
7801;1166;1.4.15.7.2;5;Realizar Teste de Lubrificação AR81;;100;100
13049;1167;1.4.15.7.3;5;Realizar Calibração dos Dampers AR81;;100;100
804;1168;1.4.15.8;4;AR81 Disponível para Teste;;100;100
522;1169;1.4.15.9;4;AH34 - Secagem Descendente para PP AR1;;100;100
273;1170;1.4.15.9.1;5;Retirar Bloqueio do AH34;;100;100
7799;1171;1.4.15.9.2;5;Realizar Teste de Lubrificação AH34;;100;100
13046;1172;1.4.15.9.3;5;Realizar Calibração dos Dampers AH34;;100;100
801;1173;1.4.15.10;4;AH34 Disponível para Teste;;100;100
521;1174;1.4.15.11;4;AH47 - Secagem Ascendente para PP AR40;;100;100
159;1175;1.4.15.11.1;5;Retirar Bloqueio do AH47;;100;100
7800;1176;1.4.15.11.2;5;Realizar Teste de Lubrificação AH47;;100;100
13047;1177;1.4.15.11.3;5;Realizar Calibração dos Dampers AH47;;100;100
802;1178;1.4.15.12;4;AH47 Disponível para Teste;;100;100
13119;1179;1.4.15.13;4;Teste Operacional dos Ventiladores;;0;0
750;1180;1.4.15.13.1;5;Teste Operacional AR81;;0;0
297;1181;1.4.15.13.2;5;Teste Operacional AH33;;0;0
277;1182;1.4.15.13.3;5;Teste Operacional AH30;;0;0
319;1183;1.4.15.13.4;5;Teste Operacional AH93 e AH94;;0;0
784;1184;1.4.15.13.5;5;Teste Operacional AH34;;0;0
308;1185;1.4.15.13.6;5;Teste Operacional AH47;;0;0
504;1186;1.4.16;3;Precipitadores;;100;100
518;1187;1.4.16.1;4;AR80;;100;100
377;1188;1.4.16.1.1;5;Retirar Bloqueio do AR80;;100;100
13052;1189;1.4.16.1.2;5;Realizar Aquecimento do Sistema de Insuflação do AR80;;100;100
13053;1190;1.4.16.1.3;5;Realizar Energização dos Campos até 100% de Potência do AR80;;100;100
376;1191;1.4.16.1.4;5;Teste Operacional AR80;;100;100
808;1192;1.4.16.2;4;AR80 Disponível para Produção;;100;100
517;1193;1.4.16.3;4;AR1;;100;100
407;1194;1.4.16.3.1;5;Retirar Bloqueio do AR1;;100;100
13034;1195;1.4.16.3.2;5;Realizar Aquecimento do Sistema de Insuflação do AR1;;100;100
13035;1196;1.4.16.3.3;5;Realizar Energização dos Campos até 100% de Potência do AR1;;100;100
406;1197;1.4.16.3.4;5;Teste Elétrico e Operacional AR1;;100;100
805;1198;1.4.16.4;4;AR1 Disponível para Produção;;100;100
516;1199;1.4.16.5;4;AR40;;100;100
396;1200;1.4.16.5.1;5;Retirar Bloqueio do AR40;;100;100
13050;1201;1.4.16.5.2;5;Realizar Aquecimento do Sistema de Insuflação do AR40;;100;100
13051;1202;1.4.16.5.3;5;Realizar Energização dos Campos até 100% de Potência do AR40;;100;100
395;1203;1.4.16.5.4;5;Teste Operacional AR40;;100;100
806;1204;1.4.16.6;4;AR40 Disponível para Produção ;;100;100
503;1205;1.4.17;3;Peneiramento;;100;100
429;1206;1.4.17.1;4;Retirar Bloqueio do Circuito de Emergência;;100;100
13039;1207;1.4.17.2;4;Retirar Bloqueio do Circuito de Finos;;100;100
13040;1208;1.4.17.3;4;Retirar Bloqueio da Peneira AH13PV;;100;100
13041;1209;1.4.17.4;4;Realizar Teste da Peneira AH13PV;;100;100
809;1210;1.4.18;3;Peneiramento Disponível para Produção;;100;100
502;1211;1.4.19;3;Pátio de Briquete;;100;100
778;1212;1.4.19.1;4;Retirar Bloqueio do Pátio de Briquete;;100;100
13043;1213;1.4.19.2;4;Calibrar Balança;;100;100
773;1214;1.4.19.3;4;Teste Operacional do Circuito do Pátio de Briquete;;100;100
822;1215;1.4.20;3;Circuito de Briquete Disponível para Produção;;100;100
772;1216;2;1;Parada Fria da Usina 1 Concluída;;0;0
